,Date,Count,date,TMAX,PRCP,AWND
0,2013-01-01,1964,2013-01-01,61.0,0.0,13.0
1,2013-01-02,3673,2013-01-02,33.0,0.0,34.0
2,2013-01-03,3844,2013-01-03,39.0,0.0,15.0
3,2013-01-04,4078,2013-01-04,67.0,0.0,31.0
4,2013-01-05,3517,2013-01-05,72.0,0.0,26.0
5,2013-01-06,3751,2013-01-06,106.0,0.0,21.0
6,2013-01-07,4741,2013-01-07,72.0,0.0,30.0
7,2013-01-08,5274,2013-01-08,117.0,0.0,19.0
8,2013-01-09,5110,2013-01-09,100.0,5.0,12.0
9,2013-01-10,5382,2013-01-10,128.0,0.0,26.0
10,2013-01-11,4094,2013-01-11,72.0,5.0,12.0
11,2013-01-12,5573,2013-01-12,122.0,0.0,8.0
12,2013-01-13,4114,2013-01-13,139.0,3.0,19.0
13,2013-01-14,5023,2013-01-14,150.0,30.0,42.0
14,2013-01-15,2897,2013-01-15,44.0,160.0,30.0
15,2013-01-16,3477,2013-01-16,50.0,74.0,18.0
16,2013-01-17,4769,2013-01-17,67.0,0.0,25.0
17,2013-01-18,4472,2013-01-18,33.0,0.0,42.0
18,2013-01-19,4918,2013-01-19,133.0,0.0,54.0
19,2013-01-20,5699,2013-01-20,144.0,0.0,55.0
20,2013-01-21,4527,2013-01-21,89.0,0.0,39.0
21,2013-01-22,2931,2013-01-22,-17.0,0.0,64.0
22,2013-01-23,3184,2013-01-23,-33.0,0.0,25.0
23,2013-01-24,2425,2013-01-24,-28.0,13.0,42.0
24,2013-01-25,2354,2013-01-25,-56.0,8.0,17.0
25,2013-01-26,2739,2013-01-26,6.0,0.0,17.0
26,2013-01-27,2989,2013-01-27,39.0,0.0,14.0
27,2013-01-28,2712,2013-01-28,78.0,53.0,36.0
28,2013-01-29,5791,2013-01-29,211.0,0.0,26.0
29,2013-01-30,4642,2013-01-30,222.0,508.0,52.0
30,2013-01-31,4325,2013-01-31,150.0,81.0,75.0
31,2013-02-01,3161,2013-02-01,0.0,3.0,62.0
32,2013-02-02,2450,2013-02-02,-11.0,0.0,25.0
33,2013-02-03,2555,2013-02-03,6.0,3.0,19.0
34,2013-02-04,3919,2013-02-04,22.0,0.0,43.0
35,2013-02-05,4578,2013-02-05,56.0,0.0,12.0
36,2013-02-06,4871,2013-02-06,78.0,0.0,39.0
37,2013-02-07,4438,2013-02-07,39.0,0.0,21.0
38,2013-02-08,3351,2013-02-08,56.0,48.0,57.0
39,2013-02-09,3428,2013-02-09,56.0,0.0,72.0
40,2013-02-10,3576,2013-02-10,72.0,0.0,27.0
41,2013-02-11,4222,2013-02-11,144.0,33.0,45.0
42,2013-02-12,5623,2013-02-12,139.0,0.0,35.0
43,2013-02-13,3533,2013-02-13,78.0,66.0,23.0
44,2013-02-14,5117,2013-02-14,100.0,0.0,21.0
45,2013-02-15,5315,2013-02-15,144.0,25.0,31.0
46,2013-02-16,3205,2013-02-16,33.0,0.0,36.0
47,2013-02-17,2487,2013-02-17,-6.0,0.0,81.0
48,2013-02-18,3320,2013-02-18,61.0,0.0,35.0
49,2013-02-19,3932,2013-02-19,72.0,18.0,55.0
50,2013-02-20,4352,2013-02-20,39.0,0.0,74.0
51,2013-02-21,4109,2013-02-21,39.0,0.0,46.0
52,2013-02-22,3526,2013-02-22,6.0,15.0,30.0
53,2013-02-23,2547,2013-02-23,61.0,10.0,24.0
54,2013-02-24,4325,2013-02-24,106.0,0.0,45.0
55,2013-02-25,4948,2013-02-25,83.0,0.0,22.0
56,2013-02-26,2742,2013-02-26,67.0,180.0,39.0
57,2013-02-27,5388,2013-02-27,128.0,10.0,35.0
58,2013-02-28,5084,2013-02-28,72.0,3.0,41.0
59,2013-03-01,4886,2013-03-01,67.0,0.0,46.0
60,2013-03-02,3707,2013-03-02,28.0,0.0,38.0
61,2013-03-03,3048,2013-03-03,56.0,0.0,50.0
62,2013-03-04,4412,2013-03-04,61.0,0.0,57.0
63,2013-03-05,5181,2013-03-05,106.0,8.0,28.0
64,2013-03-06,1125,2013-03-06,33.0,234.0,63.0
65,2013-03-07,5006,2013-03-07,83.0,0.0,53.0
66,2013-03-08,4835,2013-03-08,94.0,0.0,72.0
67,2013-03-09,6768,2013-03-09,156.0,0.0,21.0
68,2013-03-10,6764,2013-03-10,167.0,0.0,24.0
69,2013-03-11,6039,2013-03-11,150.0,0.0,46.0
70,2013-03-12,4245,2013-03-12,144.0,295.0,57.0
71,2013-03-13,5693,2013-03-13,100.0,0.0,48.0
72,2013-03-14,4826,2013-03-14,72.0,0.0,72.0
73,2013-03-15,6330,2013-03-15,139.0,0.0,37.0
74,2013-03-16,6168,2013-03-16,161.0,8.0,30.0
75,2013-03-17,3942,2013-03-17,44.0,0.0,25.0
76,2013-03-18,2747,2013-03-18,28.0,117.0,20.0
77,2013-03-19,5942,2013-03-19,150.0,0.0,50.0
78,2013-03-20,5806,2013-03-20,111.0,0.0,47.0
79,2013-03-21,4508,2013-03-21,28.0,0.0,60.0
80,2013-03-22,5407,2013-03-22,89.0,0.0,45.0
81,2013-03-23,6479,2013-03-23,122.0,0.0,28.0
82,2013-03-24,3857,2013-03-24,56.0,13.0,13.0
83,2013-03-25,1912,2013-03-25,39.0,112.0,29.0
84,2013-03-26,5583,2013-03-26,94.0,0.0,46.0
85,2013-03-27,5800,2013-03-27,94.0,0.0,60.0
86,2013-03-28,5583,2013-03-28,94.0,0.0,52.0
87,2013-03-29,7384,2013-03-29,133.0,0.0,25.0
88,2013-03-30,9598,2013-03-30,156.0,0.0,18.0
89,2013-03-31,3785,2013-03-31,106.0,18.0,13.0
90,2013-04-01,6368,2013-04-01,178.0,0.0,45.0
91,2013-04-02,5902,2013-04-02,100.0,0.0,50.0
92,2013-04-03,6226,2013-04-03,111.0,0.0,41.0
93,2013-04-04,5829,2013-04-04,94.0,41.0,21.0
94,2013-04-05,7589,2013-04-05,189.0,25.0,38.0
95,2013-04-06,9271,2013-04-06,139.0,0.0,29.0
96,2013-04-07,9762,2013-04-07,217.0,0.0,56.0
97,2013-04-08,8466,2013-04-08,272.0,0.0,38.0
98,2013-04-09,9750,2013-04-09,294.0,0.0,33.0
99,2013-04-10,9553,2013-04-10,317.0,0.0,38.0
100,2013-04-11,9091,2013-04-11,300.0,0.0,26.0
101,2013-04-12,5997,2013-04-12,261.0,142.0,28.0
102,2013-04-13,11267,2013-04-13,211.0,0.0,21.0
103,2013-04-14,9604,2013-04-14,194.0,0.0,28.0
104,2013-04-15,6908,2013-04-15,178.0,0.0,26.0
105,2013-04-16,8247,2013-04-16,244.0,0.0,43.0
106,2013-04-17,8477,2013-04-17,250.0,15.0,23.0
107,2013-04-18,7686,2013-04-18,256.0,23.0,37.0
108,2013-04-19,6118,2013-04-19,256.0,305.0,55.0
109,2013-04-20,8793,2013-04-20,156.0,0.0,61.0
110,2013-04-21,7330,2013-04-21,128.0,0.0,30.0
111,2013-04-22,6737,2013-04-22,133.0,0.0,33.0
112,2013-04-23,7434,2013-04-23,161.0,0.0,17.0
113,2013-04-24,8460,2013-04-24,256.0,0.0,55.0
114,2013-04-25,8262,2013-04-25,178.0,0.0,39.0
115,2013-04-26,8996,2013-04-26,183.0,0.0,17.0
116,2013-04-27,10820,2013-04-27,211.0,0.0,16.0
117,2013-04-28,7851,2013-04-28,172.0,10.0,28.0
118,2013-04-29,4289,2013-04-29,161.0,23.0,28.0
119,2013-04-30,5359,2013-04-30,156.0,0.0,28.0
120,2013-05-01,8608,2013-05-01,211.0,0.0,30.0
121,2013-05-02,8490,2013-05-02,206.0,0.0,18.0
122,2013-05-03,8655,2013-05-03,200.0,0.0,32.0
123,2013-05-04,9472,2013-05-04,200.0,0.0,31.0
124,2013-05-05,7986,2013-05-05,172.0,0.0,27.0
125,2013-05-06,6506,2013-05-06,167.0,3.0,39.0
126,2013-05-07,4419,2013-05-07,183.0,259.0,46.0
127,2013-05-08,6586,2013-05-08,200.0,122.0,9.0
128,2013-05-09,7793,2013-05-09,244.0,0.0,15.0
129,2013-05-10,8870,2013-05-10,289.0,97.0,26.0
130,2013-05-11,6455,2013-05-11,250.0,81.0,25.0
131,2013-05-12,8010,2013-05-12,178.0,0.0,55.0
132,2013-05-13,7381,2013-05-13,161.0,0.0,40.0
133,2013-05-14,8061,2013-05-14,183.0,0.0,17.0
134,2013-05-15,8756,2013-05-15,294.0,0.0,37.0
135,2013-05-16,8895,2013-05-16,278.0,0.0,34.0
136,2013-05-17,10047,,,,
137,2013-05-18,6333,2013-05-18,200.0,23.0,22.0
138,2013-05-19,6674,2013-05-19,233.0,10.0,16.0
139,2013-05-20,8383,2013-05-20,272.0,0.0,24.0
140,2013-05-21,9042,2013-05-21,289.0,0.0,31.0
141,2013-05-22,8895,2013-05-22,306.0,0.0,34.0
142,2013-05-23,8051,2013-05-23,272.0,124.0,34.0
143,2013-05-24,6627,2013-05-24,172.0,0.0,70.0
144,2013-05-25,7944,2013-05-25,189.0,0.0,66.0
145,2013-05-26,9888,2013-05-26,228.0,0.0,40.0
146,2013-05-27,8966,2013-05-27,206.0,0.0,7.0
147,2013-05-28,7552,2013-05-28,283.0,56.0,17.0
148,2013-05-29,9275,2013-05-29,317.0,0.0,35.0
149,2013-05-30,8740,2013-05-30,322.0,38.0,23.0
150,2013-05-31,9103,2013-05-31,317.0,0.0,38.0
151,2013-06-01,9457,2013-06-01,322.0,0.0,39.0
152,2013-06-02,7664,2013-06-02,289.0,185.0,39.0
153,2013-06-03,7393,2013-06-03,272.0,48.0,29.0
154,2013-06-04,9926,2013-06-04,239.0,0.0,23.0
155,2013-06-05,9986,2013-06-05,256.0,0.0,20.0
156,2013-06-06,6854,2013-06-06,217.0,168.0,22.0
157,2013-06-07,2477,2013-06-07,211.0,208.0,31.0
158,2013-06-08,9758,2013-06-08,267.0,0.0,22.0
159,2013-06-09,9220,2013-06-09,267.0,46.0,17.0
160,2013-06-10,4368,2013-06-10,272.0,249.0,27.0
161,2013-06-11,9193,2013-06-11,289.0,0.0,38.0
162,2013-06-12,9180,2013-06-12,317.0,0.0,24.0
163,2013-06-13,7259,2013-06-13,300.0,79.0,47.0
164,2013-06-14,9783,2013-06-14,261.0,0.0,52.0
165,2013-06-15,10446,2013-06-15,278.0,0.0,21.0
166,2013-06-16,8710,2013-06-16,289.0,0.0,22.0
167,2013-06-17,8613,2013-06-17,306.0,0.0,17.0
168,2013-06-18,7140,2013-06-18,233.0,53.0,12.0
169,2013-06-19,10039,2013-06-19,250.0,0.0,22.0
170,2013-06-20,10147,2013-06-20,261.0,0.0,28.0
171,2013-06-21,10320,2013-06-21,283.0,0.0,17.0
172,2013-06-22,10799,2013-06-22,300.0,0.0,30.0
173,2013-06-23,7175,2013-06-23,300.0,23.0,14.0
174,2013-06-24,8042,2013-06-24,322.0,0.0,15.0
175,2013-06-25,8970,2013-06-25,333.0,3.0,25.0
176,2013-06-26,8392,2013-06-26,322.0,69.0,20.0
177,2013-06-27,8619,2013-06-27,267.0,0.0,28.0
178,2013-06-28,6247,2013-06-28,311.0,48.0,18.0
179,2013-06-29,10503,2013-06-29,306.0,0.0,16.0
180,2013-06-30,7087,2013-06-30,300.0,0.0,26.0
181,2013-07-01,7842,2013-07-01,283.0,3.0,32.0
182,2013-07-02,7821,2013-07-02,283.0,23.0,42.0
183,2013-07-03,7725,2013-07-03,300.0,157.0,30.0
184,2013-07-04,10742,2013-07-04,317.0,0.0,42.0
185,2013-07-05,10557,2013-07-05,311.0,0.0,43.0
186,2013-07-06,8902,2013-07-06,333.0,0.0,36.0
187,2013-07-07,6871,2013-07-07,322.0,20.0,29.0
188,2013-07-08,8070,2013-07-08,306.0,28.0,22.0
189,2013-07-09,8767,2013-07-09,300.0,0.0,20.0
190,2013-07-10,8113,2013-07-10,317.0,0.0,33.0
191,2013-07-11,8870,,,,
192,2013-07-12,5725,2013-07-12,239.0,290.0,35.0
193,2013-07-13,9278,2013-07-13,289.0,3.0,15.0
194,2013-07-14,8390,2013-07-14,317.0,0.0,25.0
195,2013-07-15,8033,2013-07-15,339.0,0.0,15.0
196,2013-07-16,8402,2013-07-16,344.0,0.0,23.0
197,2013-07-17,8633,2013-07-17,344.0,0.0,18.0
198,2013-07-18,7825,2013-07-18,356.0,0.0,19.0
199,2013-07-19,7978,2013-07-19,350.0,0.0,26.0
200,2013-07-20,8623,2013-07-20,333.0,0.0,34.0
201,2013-07-21,8464,2013-07-21,322.0,33.0,16.0
202,2013-07-22,8678,2013-07-22,317.0,56.0,22.0
203,2013-07-23,9234,2013-07-23,300.0,0.0,32.0
204,2013-07-24,9761,2013-07-24,289.0,0.0,34.0
205,2013-07-25,10105,2013-07-25,261.0,0.0,39.0
206,2013-07-26,10262,2013-07-26,283.0,0.0,15.0
207,2013-07-27,8383,2013-07-27,289.0,234.0,24.0
208,2013-07-28,8139,2013-07-28,289.0,23.0,16.0
209,2013-07-29,9243,2013-07-29,272.0,0.0,25.0
210,2013-07-30,9878,2013-07-30,278.0,0.0,10.0
211,2013-07-31,8702,2013-07-31,261.0,36.0,16.0
212,2013-08-01,7755,2013-08-01,294.0,18.0,22.0
213,2013-08-02,9814,2013-08-02,300.0,0.0,25.0
214,2013-08-03,8450,2013-08-03,267.0,13.0,12.0
215,2013-08-04,10397,2013-08-04,278.0,0.0,41.0
216,2013-08-05,10053,2013-08-05,272.0,0.0,13.0
217,2013-08-06,8382,2013-08-06,233.0,3.0,23.0
218,2013-08-07,9719,2013-08-07,294.0,0.0,34.0
219,2013-08-08,8868,2013-08-08,300.0,64.0,33.0
220,2013-08-09,9462,2013-08-09,317.0,0.0,39.0
221,2013-08-10,10047,2013-08-10,294.0,0.0,17.0
222,2013-08-11,9485,2013-08-11,289.0,0.0,22.0
223,2013-08-12,9481,2013-08-12,317.0,5.0,12.0
224,2013-08-13,8303,2013-08-13,300.0,191.0,27.0
225,2013-08-14,10392,2013-08-14,239.0,0.0,54.0
226,2013-08-15,10629,2013-08-15,256.0,0.0,19.0
227,2013-08-16,10763,2013-08-16,256.0,0.0,12.0
228,2013-08-17,11042,2013-08-17,267.0,0.0,23.0
229,2013-08-18,5753,2013-08-18,222.0,15.0,18.0
230,2013-08-19,8968,2013-08-19,239.0,0.0,20.0
231,2013-08-20,9579,2013-08-20,311.0,0.0,11.0
232,2013-08-21,9140,2013-08-21,317.0,25.0,20.0
233,2013-08-22,9543,2013-08-22,311.0,0.0,26.0
234,2013-08-23,7625,2013-08-23,244.0,104.0,20.0
235,2013-08-24,10844,2013-08-24,283.0,0.0,22.0
236,2013-08-25,9481,2013-08-25,278.0,0.0,16.0
237,2013-08-26,9269,2013-08-26,306.0,0.0,29.0
238,2013-08-27,9506,2013-08-27,322.0,13.0,28.0
239,2013-08-28,7636,2013-08-28,261.0,46.0,12.0
240,2013-08-29,9343,2013-08-29,300.0,0.0,25.0
241,2013-08-30,9661,2013-08-30,306.0,0.0,34.0
242,2013-08-31,9403,2013-08-31,322.0,0.0,35.0
243,2013-09-01,9216,2013-09-01,333.0,8.0,16.0
244,2013-09-02,8025,2013-09-02,328.0,46.0,16.0
245,2013-09-03,8810,2013-09-03,300.0,0.0,43.0
246,2013-09-04,9734,2013-09-04,283.0,0.0,21.0
247,2013-09-05,9918,2013-09-05,294.0,0.0,32.0
248,2013-09-06,10142,2013-09-06,250.0,0.0,21.0
249,2013-09-07,10118,2013-09-07,278.0,0.0,21.0
250,2013-09-08,9400,2013-09-08,322.0,0.0,25.0
251,2013-09-09,9056,2013-09-09,267.0,0.0,31.0
252,2013-09-10,9432,2013-09-10,339.0,0.0,32.0
253,2013-09-11,9175,2013-09-11,344.0,0.0,23.0
254,2013-09-12,6981,2013-09-12,339.0,10.0,26.0
255,2013-09-13,9931,2013-09-13,267.0,0.0,47.0
256,2013-09-14,11131,2013-09-14,217.0,0.0,32.0
257,2013-09-15,9748,2013-09-15,250.0,0.0,23.0
258,2013-09-16,8268,2013-09-16,228.0,15.0,31.0
259,2013-09-17,9836,2013-09-17,211.0,0.0,29.0
260,2013-09-18,9952,2013-09-18,217.0,0.0,13.0
261,2013-09-19,10360,2013-09-19,261.0,0.0,16.0
262,2013-09-20,10545,2013-09-20,267.0,0.0,24.0
263,2013-09-21,6840,2013-09-21,233.0,330.0,36.0
264,2013-09-22,9339,2013-09-22,233.0,0.0,31.0
265,2013-09-23,8981,,,,
266,2013-09-24,9489,2013-09-24,233.0,0.0,11.0
267,2013-09-25,9524,2013-09-25,250.0,0.0,10.0
268,2013-09-26,9788,2013-09-26,256.0,0.0,15.0
269,2013-09-27,9858,2013-09-27,217.0,0.0,4.0
270,2013-09-28,10057,2013-09-28,206.0,0.0,11.0
271,2013-09-29,9251,2013-09-29,233.0,0.0,11.0
272,2013-09-30,9032,2013-09-30,244.0,0.0,9.0
273,2013-10-01,10255,2013-10-01,283.0,0.0,12.0
274,2013-10-02,10249,2013-10-02,300.0,0.0,18.0
275,2013-10-03,10059,2013-10-03,283.0,0.0,11.0
276,2013-10-04,10158,2013-10-04,322.0,0.0,7.0
277,2013-10-05,10456,2013-10-05,322.0,0.0,10.0
278,2013-10-06,9650,2013-10-06,317.0,0.0,35.0
279,2013-10-07,5797,2013-10-07,233.0,287.0,42.0
280,2013-10-08,9829,2013-10-08,206.0,0.0,23.0
281,2013-10-09,6360,2013-10-09,161.0,53.0,39.0
282,2013-10-10,2491,,,,
283,2013-10-11,1775,2013-10-11,167.0,859.0,46.0
284,2013-10-12,5191,2013-10-12,194.0,84.0,32.0
285,2013-10-13,5938,2013-10-13,167.0,30.0,34.0
286,2013-10-14,8818,2013-10-14,217.0,0.0,13.0
287,2013-10-15,9272,2013-10-15,222.0,0.0,10.0
288,2013-10-16,9629,2013-10-16,217.0,0.0,19.0
289,2013-10-17,9468,2013-10-17,244.0,23.0,30.0
290,2013-10-18,10256,2013-10-18,189.0,0.0,29.0
291,2013-10-19,9309,2013-10-19,183.0,0.0,23.0
292,2013-10-20,8493,2013-10-20,172.0,0.0,29.0
293,2013-10-21,8956,2013-10-21,194.0,0.0,27.0
294,2013-10-22,8990,2013-10-22,183.0,0.0,26.0
295,2013-10-23,7884,2013-10-23,144.0,0.0,31.0
296,2013-10-24,7823,2013-10-24,111.0,0.0,43.0
297,2013-10-25,7866,2013-10-25,122.0,0.0,31.0
298,2013-10-26,7906,2013-10-26,133.0,0.0,35.0
299,2013-10-27,7917,2013-10-27,161.0,0.0,16.0
300,2013-10-28,8515,2013-10-28,183.0,0.0,12.0
301,2013-10-29,8949,2013-10-29,178.0,0.0,6.0
302,2013-10-30,8055,2013-10-30,189.0,8.0,13.0
303,2013-10-31,8335,2013-10-31,211.0,0.0,35.0
304,2013-11-01,8046,2013-11-01,250.0,36.0,44.0
305,2013-11-02,9374,2013-11-02,206.0,0.0,31.0
306,2013-11-03,7652,2013-11-03,139.0,0.0,47.0
307,2013-11-04,6854,2013-11-04,78.0,0.0,18.0
308,2013-11-05,8152,2013-11-05,133.0,0.0,8.0
309,2013-11-06,8780,2013-11-06,206.0,0.0,31.0
310,2013-11-07,7974,2013-11-07,150.0,18.0,49.0
311,2013-11-08,7508,2013-11-08,111.0,0.0,35.0
312,2013-11-09,7541,2013-11-09,128.0,0.0,34.0
313,2013-11-10,7177,2013-11-10,172.0,0.0,52.0
314,2013-11-11,7188,2013-11-11,150.0,0.0,37.0
315,2013-11-12,6112,2013-11-12,111.0,0.0,50.0
316,2013-11-13,6466,2013-11-13,67.0,0.0,40.0
317,2013-11-14,7273,2013-11-14,144.0,0.0,10.0
318,2013-11-15,7671,2013-11-15,167.0,20.0,11.0
319,2013-11-16,6804,2013-11-16,111.0,33.0,10.0
320,2013-11-17,6945,2013-11-17,167.0,3.0,30.0
321,2013-11-18,8253,2013-11-18,200.0,36.0,50.0
322,2013-11-19,7445,2013-11-19,89.0,0.0,59.0
323,2013-11-20,7340,2013-11-20,89.0,0.0,20.0
324,2013-11-21,7521,2013-11-21,89.0,0.0,9.0
325,2013-11-22,8146,2013-11-22,172.0,0.0,27.0
326,2013-11-23,6134,2013-11-23,139.0,0.0,71.0
327,2013-11-24,3193,2013-11-24,0.0,0.0,67.0
328,2013-11-25,5260,2013-11-25,28.0,0.0,32.0
329,2013-11-26,1873,2013-11-26,28.0,437.0,29.0
330,2013-11-27,2240,2013-11-27,44.0,127.0,59.0
331,2013-11-28,1574,2013-11-28,33.0,0.0,38.0
332,2013-11-29,2918,2013-11-29,56.0,0.0,27.0
333,2013-11-30,3003,2013-11-30,28.0,0.0,12.0
334,2013-12-01,3670,2013-12-01,83.0,0.0,4.0
335,2013-12-02,6314,2013-12-02,94.0,0.0,8.0
336,2013-12-03,7449,2013-12-03,139.0,0.0,5.0
337,2013-12-04,7551,2013-12-04,133.0,0.0,13.0
338,2013-12-05,8142,2013-12-05,206.0,0.0,43.0
339,2013-12-06,2944,,,,
340,2013-12-07,4878,2013-12-07,56.0,48.0,47.0
341,2013-12-08,1357,2013-12-08,-5.0,196.0,26.0
342,2013-12-09,3446,2013-12-09,11.0,109.0,15.0
343,2013-12-10,2696,2013-12-10,28.0,76.0,31.0
344,2013-12-11,5470,2013-12-11,39.0,0.0,10.0
345,2013-12-12,5084,2013-12-12,0.0,0.0,30.0
346,2013-12-13,5624,,,,
347,2013-12-14,2794,2013-12-14,28.0,81.0,21.0
348,2013-12-15,4301,2013-12-15,83.0,0.0,35.0
349,2013-12-16,5612,2013-12-16,33.0,0.0,21.0
350,2013-12-17,5350,2013-12-17,39.0,5.0,15.0
351,2013-12-18,5772,2013-12-18,56.0,0.0,26.0
352,2013-12-19,6653,2013-12-19,156.0,0.0,26.0
353,2013-12-20,6511,2013-12-20,144.0,0.0,43.0
354,2013-12-21,6430,2013-12-21,211.0,0.0,60.0
355,2013-12-22,2830,2013-12-22,217.0,130.0,53.0
356,2013-12-23,2002,2013-12-23,172.0,203.0,43.0
357,2013-12-24,2345,2013-12-24,44.0,0.0,46.0
358,2013-12-25,1001,2013-12-25,0.0,0.0,22.0
359,2013-12-26,2446,2013-12-26,78.0,0.0,21.0
360,2013-12-27,3584,2013-12-27,100.0,0.0,18.0
361,2013-12-28,4421,2013-12-28,139.0,0.0,28.0
362,2013-12-29,1441,2013-12-29,94.0,323.0,29.0
363,2013-12-30,4356,2013-12-30,72.0,0.0,33.0
364,2013-12-31,4126,2013-12-31,72.0,0.0,37.0
365,2014-01-01,3011,2014-01-01,78.0,0.0,20.0
366,2014-01-02,3316,2014-01-02,28.0,91.0,21.0
367,2014-01-03,1608,2014-01-03,-16.0,0.0,58.0
368,2014-01-04,2242,2014-01-04,0.0,0.0,30.0
369,2014-01-05,2060,2014-01-05,28.0,58.0,13.0
370,2014-01-06,3507,2014-01-06,67.0,20.0,67.0
371,2014-01-07,2282,2014-01-07,-77.0,0.0,43.0
372,2014-01-08,3855,2014-01-08,-32.0,0.0,21.0
373,2014-01-09,4948,2014-01-09,28.0,0.0,14.0
374,2014-01-10,1843,2014-01-10,17.0,135.0,10.0
375,2014-01-11,1955,2014-01-11,106.0,188.0,26.0
376,2014-01-12,5413,2014-01-12,100.0,0.0,36.0
377,2014-01-13,6861,2014-01-13,133.0,0.0,30.0
378,2014-01-14,5059,2014-01-14,100.0,43.0,25.0
379,2014-01-15,6459,2014-01-15,94.0,3.0,28.0
380,2014-01-16,6016,2014-01-16,28.0,0.0,25.0
381,2014-01-17,6138,2014-01-17,83.0,0.0,21.0
382,2014-01-18,3299,2014-01-18,22.0,0.0,58.0
383,2014-01-19,4099,2014-01-19,83.0,0.0,30.0
384,2014-01-20,5316,2014-01-20,122.0,0.0,42.0
385,2014-01-21,1747,2014-01-21,28.0,142.0,50.0
386,2014-01-22,1426,2014-01-22,-93.0,0.0,54.0
387,2014-01-23,2426,2014-01-23,-49.0,0.0,38.0
388,2014-01-24,2623,2014-01-24,-60.0,0.0,44.0
389,2014-01-25,2259,2014-01-25,-5.0,0.0,65.0
390,2014-01-26,2554,2014-01-26,0.0,0.0,30.0
391,2014-01-27,4484,2014-01-27,78.0,0.0,64.0
392,2014-01-28,3129,2014-01-28,-77.0,0.0,42.0
393,2014-01-29,3160,2014-01-29,-49.0,3.0,34.0
394,2014-01-30,4178,2014-01-30,-5.0,0.0,25.0
395,2014-01-31,5424,2014-01-31,89.0,0.0,15.0
396,2014-02-01,5342,2014-02-01,94.0,0.0,18.0
397,2014-02-02,5423,2014-02-02,161.0,0.0,15.0
398,2014-02-03,2462,2014-02-03,72.0,338.0,42.0
399,2014-02-04,5177,2014-02-04,11.0,3.0,18.0
400,2014-02-05,3746,2014-02-05,50.0,140.0,42.0
401,2014-02-06,5176,2014-02-06,17.0,0.0,43.0
402,2014-02-07,5394,2014-02-07,44.0,0.0,17.0
403,2014-02-08,4037,2014-02-08,-5.0,0.0,12.0
404,2014-02-09,3120,2014-02-09,0.0,0.0,19.0
405,2014-02-10,4431,2014-02-10,-5.0,0.0,43.0
406,2014-02-11,4747,2014-02-11,-16.0,0.0,28.0
407,2014-02-12,3945,2014-02-12,-32.0,28.0,29.0
408,2014-02-13,52,2014-02-13,17.0,315.0,69.0
409,2014-02-14,1911,2014-02-14,100.0,0.0,26.0
410,2014-02-15,1748,2014-02-15,22.0,28.0,56.0
411,2014-02-16,2838,2014-02-16,17.0,0.0,31.0
412,2014-02-17,3311,2014-02-17,11.0,5.0,31.0
413,2014-02-18,5086,2014-02-18,117.0,15.0,33.0
414,2014-02-19,5622,2014-02-19,139.0,20.0,38.0
415,2014-02-20,6577,2014-02-20,111.0,0.0,20.0
416,2014-02-21,5783,2014-02-21,139.0,48.0,19.0
417,2014-02-22,7817,2014-02-22,167.0,0.0,30.0
418,2014-02-23,6065,2014-02-23,139.0,0.0,37.0
419,2014-02-24,5396,2014-02-24,56.0,0.0,52.0
420,2014-02-25,4561,2014-02-25,28.0,13.0,20.0
421,2014-02-26,3921,2014-02-26,11.0,15.0,37.0
422,2014-02-27,4882,2014-02-27,33.0,0.0,51.0
423,2014-02-28,4093,2014-02-28,-21.0,0.0,27.0
424,2014-03-01,4560,2014-03-01,56.0,0.0,19.0
425,2014-03-02,3493,2014-03-02,111.0,64.0,23.0
426,2014-03-03,418,2014-03-03,17.0,160.0,50.0
427,2014-03-04,2244,2014-03-04,-16.0,0.0,14.0
428,2014-03-05,4512,2014-03-05,50.0,0.0,30.0
429,2014-03-06,4832,2014-03-06,6.0,0.0,43.0
430,2014-03-07,5064,2014-03-07,44.0,0.0,27.0
431,2014-03-08,8416,2014-03-08,167.0,0.0,19.0
432,2014-03-09,5916,2014-03-09,94.0,0.0,43.0
433,2014-03-10,6785,2014-03-10,150.0,0.0,34.0
434,2014-03-11,8360,2014-03-11,183.0,0.0,13.0
435,2014-03-12,6229,2014-03-12,183.0,10.0,68.0
436,2014-03-13,3984,2014-03-13,6.0,0.0,83.0
437,2014-03-14,6949,2014-03-14,139.0,0.0,58.0
438,2014-03-15,10344,2014-03-15,178.0,0.0,47.0
439,2014-03-16,4813,2014-03-16,78.0,99.0,38.0
440,2014-03-17,1279,2014-03-17,-10.0,81.0,34.0
441,2014-03-18,4658,2014-03-18,50.0,0.0,27.0
442,2014-03-19,3754,,,,
443,2014-03-20,7514,2014-03-20,133.0,0.0,47.0
444,2014-03-21,7677,2014-03-21,128.0,0.0,23.0
445,2014-03-22,10847,2014-03-22,206.0,0.0,41.0
446,2014-03-23,5313,2014-03-23,83.0,0.0,55.0
447,2014-03-24,5341,2014-03-24,39.0,0.0,29.0
448,2014-03-25,3092,2014-03-25,6.0,104.0,23.0
449,2014-03-26,4933,2014-03-26,6.0,0.0,64.0
450,2014-03-27,6449,2014-03-27,100.0,0.0,38.0
451,2014-03-28,6670,2014-03-28,178.0,18.0,68.0
452,2014-03-29,2262,2014-03-29,139.0,226.0,27.0
453,2014-03-30,896,2014-03-30,83.0,246.0,84.0
454,2014-03-31,8158,2014-03-31,183.0,0.0,60.0
455,2014-04-01,9371,2014-04-01,189.0,0.0,20.0
456,2014-04-02,8886,,,,
457,2014-04-03,9107,2014-04-03,183.0,3.0,20.0
458,2014-04-04,8877,2014-04-04,144.0,0.0,33.0
459,2014-04-05,10754,2014-04-05,133.0,0.0,54.0
460,2014-04-06,9817,2014-04-06,156.0,0.0,19.0
461,2014-04-07,2801,2014-04-07,72.0,102.0,26.0
462,2014-04-08,8849,2014-04-08,167.0,0.0,42.0
463,2014-04-09,9873,2014-04-09,183.0,0.0,31.0
464,2014-04-10,11241,2014-04-10,211.0,0.0,43.0
465,2014-04-11,11432,2014-04-11,267.0,10.0,47.0
466,2014-04-12,15564,2014-04-12,233.0,0.0,21.0
467,2014-04-13,14419,2014-04-13,283.0,0.0,50.0
468,2014-04-14,10574,2014-04-14,244.0,0.0,66.0
469,2014-04-15,1816,2014-04-15,194.0,312.0,67.0
470,2014-04-16,7771,2014-04-16,89.0,0.0,47.0
471,2014-04-17,8624,2014-04-17,122.0,0.0,29.0
472,2014-04-18,9341,2014-04-18,133.0,0.0,13.0
473,2014-04-19,11926,2014-04-19,194.0,0.0,24.0
474,2014-04-20,9513,2014-04-20,167.0,0.0,27.0
475,2014-04-21,9670,2014-04-21,211.0,0.0,10.0
476,2014-04-22,9108,2014-04-22,217.0,10.0,28.0
477,2014-04-23,8925,2014-04-23,144.0,0.0,75.0
478,2014-04-24,9804,2014-04-24,172.0,0.0,30.0
479,2014-04-25,7574,2014-04-25,206.0,86.0,32.0
480,2014-04-26,11510,2014-04-26,228.0,0.0,40.0
481,2014-04-27,11041,2014-04-27,183.0,0.0,31.0
482,2014-04-28,6415,2014-04-28,161.0,43.0,29.0
483,2014-04-29,3115,2014-04-29,94.0,302.0,35.0
484,2014-04-30,1793,2014-04-30,144.0,1013.0,30.0
485,2014-05-01,9578,2014-05-01,244.0,33.0,29.0
486,2014-05-02,10333,2014-05-02,194.0,0.0,30.0
487,2014-05-03,11182,2014-05-03,217.0,0.0,18.0
488,2014-05-04,10512,2014-05-04,261.0,0.0,51.0
489,2014-05-05,8087,2014-05-05,172.0,58.0,31.0
490,2014-05-06,10403,2014-05-06,222.0,0.0,9.0
491,2014-05-07,8562,2014-05-07,172.0,46.0,24.0
492,2014-05-08,10404,2014-05-08,306.0,0.0,13.0
493,2014-05-09,10409,2014-05-09,256.0,0.0,24.0
494,2014-05-10,8231,2014-05-10,250.0,30.0,33.0
495,2014-05-11,10969,2014-05-11,267.0,0.0,24.0
496,2014-05-12,9434,2014-05-12,294.0,20.0,20.0
497,2014-05-13,9930,2014-05-13,322.0,5.0,21.0
498,2014-05-14,9721,2014-05-14,183.0,0.0,22.0
499,2014-05-15,9400,2014-05-15,256.0,485.0,38.0
500,2014-05-16,8033,2014-05-16,206.0,500.0,48.0
501,2014-05-17,11203,2014-05-17,183.0,0.0,26.0
502,2014-05-18,10207,2014-05-18,183.0,0.0,31.0
503,2014-05-19,10433,2014-05-19,211.0,0.0,19.0
504,2014-05-20,10847,2014-05-20,250.0,0.0,9.0
505,2014-05-21,8503,2014-05-21,250.0,18.0,11.0
506,2014-05-22,10326,2014-05-22,294.0,0.0,42.0
507,2014-05-23,10399,2014-05-23,250.0,0.0,55.0
508,2014-05-24,10525,2014-05-24,239.0,0.0,36.0
509,2014-05-25,12085,2014-05-25,267.0,0.0,17.0
510,2014-05-26,10689,2014-05-26,294.0,0.0,16.0
511,2014-05-27,8221,2014-05-27,306.0,122.0,24.0
512,2014-05-28,9922,2014-05-28,294.0,206.0,27.0
513,2014-05-29,5307,2014-05-29,150.0,84.0,26.0
514,2014-05-30,10805,2014-05-30,222.0,3.0,19.0
515,2014-05-31,12074,2014-05-31,256.0,0.0,27.0
516,2014-06-01,10932,2014-06-01,239.0,0.0,25.0
517,2014-06-02,10355,2014-06-02,261.0,0.0,34.0
518,2014-06-03,10367,2014-06-03,289.0,33.0,24.0
519,2014-06-04,10166,2014-06-04,300.0,183.0,21.0
520,2014-06-05,10737,2014-06-05,256.0,0.0,39.0
521,2014-06-06,11809,2014-06-06,250.0,0.0,25.0
522,2014-06-07,11840,2014-06-07,272.0,0.0,10.0
523,2014-06-08,10588,,,,
524,2014-06-09,10496,2014-06-09,283.0,8.0,19.0
525,2014-06-10,9548,2014-06-10,294.0,0.0,19.0
526,2014-06-11,8612,2014-06-11,289.0,193.0,29.0
527,2014-06-12,9210,2014-06-12,250.0,89.0,29.0
528,2014-06-13,9457,2014-06-13,267.0,196.0,21.0
529,2014-06-14,11894,2014-06-14,233.0,0.0,41.0
530,2014-06-15,11036,2014-06-15,272.0,0.0,10.0
531,2014-06-16,10432,2014-06-16,322.0,0.0,10.0
532,2014-06-17,10506,2014-06-17,328.0,0.0,23.0
533,2014-06-18,9991,2014-06-18,328.0,0.0,23.0
534,2014-06-19,10424,2014-06-19,283.0,0.0,30.0
535,2014-06-20,11634,2014-06-20,278.0,0.0,20.0
536,2014-06-21,9806,2014-06-21,217.0,36.0,19.0
537,2014-06-22,10828,2014-06-22,261.0,0.0,18.0
538,2014-06-23,10838,2014-06-23,272.0,0.0,31.0
539,2014-06-24,11169,2014-06-24,283.0,0.0,42.0
540,2014-06-25,10196,2014-06-25,311.0,0.0,30.0
541,2014-06-26,10965,2014-06-26,300.0,0.0,41.0
542,2014-06-27,10639,2014-06-27,294.0,3.0,25.0
543,2014-06-28,10850,2014-06-28,283.0,0.0,25.0
544,2014-06-29,10778,2014-06-29,283.0,0.0,28.0
545,2014-06-30,10471,2014-06-30,306.0,0.0,30.0
546,2014-07-01,10502,2014-07-01,328.0,0.0,40.0
547,2014-07-02,9565,2014-07-02,350.0,79.0,29.0
548,2014-07-03,8598,2014-07-03,311.0,25.0,15.0
549,2014-07-04,11897,2014-07-04,261.0,43.0,62.0
550,2014-07-05,12826,2014-07-05,267.0,0.0,22.0
551,2014-07-06,10926,2014-07-06,294.0,0.0,34.0
552,2014-07-07,10053,2014-07-07,317.0,0.0,50.0
553,2014-07-08,8543,2014-07-08,333.0,102.0,47.0
554,2014-07-09,8799,2014-07-09,306.0,0.0,22.0
555,2014-07-10,8689,2014-07-10,300.0,107.0,15.0
556,2014-07-11,11229,2014-07-11,294.0,0.0,17.0
557,2014-07-12,11512,2014-07-12,306.0,0.0,33.0
558,2014-07-13,9341,2014-07-13,317.0,5.0,41.0
559,2014-07-14,8539,2014-07-14,322.0,48.0,14.0
560,2014-07-15,7852,2014-07-15,306.0,89.0,15.0
561,2014-07-16,11308,2014-07-16,261.0,0.0,33.0
562,2014-07-17,11610,2014-07-17,267.0,0.0,23.0
563,2014-07-18,11657,2014-07-18,283.0,0.0,14.0
564,2014-07-19,11764,2014-07-19,267.0,0.0,13.0
565,2014-07-20,10805,2014-07-20,267.0,0.0,15.0
566,2014-07-21,11029,2014-07-21,278.0,0.0,25.0
567,2014-07-22,11192,2014-07-22,289.0,0.0,27.0
568,2014-07-23,10221,2014-07-23,339.0,0.0,29.0
569,2014-07-24,10690,2014-07-24,256.0,15.0,30.0
570,2014-07-25,12311,2014-07-25,278.0,0.0,25.0
571,2014-07-26,11983,2014-07-26,306.0,0.0,27.0
572,2014-07-27,10005,2014-07-27,289.0,18.0,39.0
573,2014-07-28,10688,2014-07-28,272.0,0.0,53.0
574,2014-07-29,11358,2014-07-29,233.0,0.0,44.0
575,2014-07-30,11359,2014-07-30,261.0,0.0,16.0
576,2014-07-31,10982,2014-07-31,294.0,0.0,22.0
577,2014-08-01,9852,2014-08-01,250.0,0.0,22.0
578,2014-08-02,10837,2014-08-02,261.0,3.0,18.0
579,2014-08-03,9824,2014-08-03,283.0,38.0,15.0
580,2014-08-04,10887,2014-08-04,294.0,0.0,21.0
581,2014-08-05,10716,2014-08-05,306.0,0.0,11.0
582,2014-08-06,10951,2014-08-06,289.0,0.0,21.0
583,2014-08-07,11063,2014-08-07,289.0,0.0,25.0
584,2014-08-08,11274,2014-08-08,272.0,0.0,15.0
585,2014-08-09,10356,2014-08-09,278.0,0.0,17.0
586,2014-08-10,10679,2014-08-10,289.0,0.0,16.0
587,2014-08-11,9612,2014-08-11,278.0,30.0,22.0
588,2014-08-12,5971,2014-08-12,250.0,287.0,18.0
589,2014-08-13,10882,2014-08-13,278.0,0.0,47.0
590,2014-08-14,11006,2014-08-14,278.0,0.0,34.0
591,2014-08-15,11942,2014-08-15,261.0,0.0,20.0
592,2014-08-16,12251,2014-08-16,272.0,0.0,17.0
593,2014-08-17,10588,2014-08-17,306.0,5.0,26.0
594,2014-08-18,10714,2014-08-18,278.0,0.0,14.0
595,2014-08-19,10530,2014-08-19,278.0,0.0,26.0
596,2014-08-20,9150,2014-08-20,289.0,251.0,24.0
597,2014-08-21,9735,2014-08-21,294.0,363.0,11.0
598,2014-08-22,10244,2014-08-22,272.0,8.0,15.0
599,2014-08-23,6431,2014-08-23,217.0,211.0,22.0
600,2014-08-24,10792,2014-08-24,244.0,0.0,15.0
601,2014-08-25,10744,2014-08-25,272.0,0.0,16.0
602,2014-08-26,10874,2014-08-26,294.0,0.0,13.0
603,2014-08-27,11138,2014-08-27,306.0,0.0,11.0
604,2014-08-28,11061,2014-08-28,278.0,0.0,36.0
605,2014-08-29,11612,2014-08-29,261.0,0.0,16.0
606,2014-08-30,10214,2014-08-30,267.0,0.0,26.0
607,2014-08-31,8940,2014-08-31,322.0,112.0,33.0
608,2014-09-01,8303,2014-09-01,317.0,3.0,13.0
609,2014-09-02,8623,2014-09-02,322.0,30.0,23.0
610,2014-09-03,10412,2014-09-03,294.0,0.0,9.0
611,2014-09-04,10830,2014-09-04,300.0,0.0,22.0
612,2014-09-05,11006,2014-09-05,317.0,0.0,19.0
613,2014-09-06,9315,2014-09-06,328.0,3.0,27.0
614,2014-09-07,11229,2014-09-07,256.0,0.0,43.0
615,2014-09-08,10377,2014-09-08,222.0,0.0,26.0
616,2014-09-09,10978,2014-09-09,233.0,0.0,29.0
617,2014-09-10,11233,2014-09-10,250.0,0.0,27.0
618,2014-09-11,10997,2014-09-11,300.0,0.0,40.0
619,2014-09-12,12179,2014-09-12,233.0,0.0,37.0
620,2014-09-13,8207,2014-09-13,206.0,18.0,24.0
621,2014-09-14,11911,2014-09-14,200.0,0.0,16.0
622,2014-09-15,11348,2014-09-15,228.0,0.0,12.0
623,2014-09-16,12134,2014-09-16,244.0,0.0,28.0
624,2014-09-17,11633,2014-09-17,233.0,0.0,11.0
625,2014-09-18,11507,2014-09-18,250.0,0.0,16.0
626,2014-09-19,11855,2014-09-19,228.0,0.0,29.0
627,2014-09-20,12677,2014-09-20,261.0,0.0,22.0
628,2014-09-21,10737,2014-09-21,289.0,0.0,28.0
629,2014-09-22,11002,2014-09-22,222.0,0.0,49.0
630,2014-09-23,11592,2014-09-23,211.0,0.0,18.0
631,2014-09-24,9309,2014-09-24,200.0,15.0,31.0
632,2014-09-25,6645,2014-09-25,194.0,147.0,42.0
633,2014-09-26,12131,2014-09-26,244.0,0.0,24.0
634,2014-09-27,12626,2014-09-27,267.0,0.0,16.0
635,2014-09-28,10904,2014-09-28,267.0,0.0,8.0
636,2014-09-29,10628,2014-09-29,211.0,0.0,8.0
637,2014-09-30,11608,2014-09-30,228.0,20.0,14.0
638,2014-10-01,10550,2014-10-01,222.0,10.0,18.0
639,2014-10-02,11697,2014-10-02,233.0,0.0,13.0
640,2014-10-03,10903,2014-10-03,206.0,23.0,40.0
641,2014-10-04,10642,2014-10-04,194.0,23.0,46.0
642,2014-10-05,9647,2014-10-05,161.0,0.0,21.0
643,2014-10-06,10655,2014-10-06,228.0,0.0,41.0
644,2014-10-07,9464,2014-10-07,206.0,69.0,45.0
645,2014-10-08,11261,2014-10-08,244.0,0.0,38.0
646,2014-10-09,11230,2014-10-09,211.0,0.0,23.0
647,2014-10-10,8144,2014-10-10,161.0,3.0,12.0
648,2014-10-11,5697,2014-10-11,144.0,102.0,31.0
649,2014-10-12,9419,2014-10-12,150.0,0.0,14.0
650,2014-10-13,6611,2014-10-13,183.0,8.0,5.0
651,2014-10-14,10900,2014-10-14,261.0,5.0,58.0
652,2014-10-15,6100,2014-10-15,217.0,330.0,34.0
653,2014-10-16,10076,2014-10-16,183.0,36.0,18.0
654,2014-10-17,11940,2014-10-17,217.0,0.0,28.0
655,2014-10-18,10848,2014-10-18,206.0,0.0,51.0
656,2014-10-19,8121,2014-10-19,144.0,0.0,60.0
657,2014-10-20,9426,2014-10-20,189.0,0.0,19.0
658,2014-10-21,7467,2014-10-21,200.0,79.0,22.0
659,2014-10-22,4386,2014-10-22,128.0,66.0,58.0
660,2014-10-23,9754,2014-10-23,178.0,0.0,79.0
661,2014-10-24,10453,2014-10-24,194.0,0.0,45.0
662,2014-10-25,11182,2014-10-25,222.0,0.0,26.0
663,2014-10-26,10253,2014-10-26,200.0,0.0,52.0
664,2014-10-27,10538,2014-10-27,217.0,0.0,18.0
665,2014-10-28,11582,2014-10-28,278.0,0.0,38.0
666,2014-10-29,9396,2014-10-29,194.0,13.0,22.0
667,2014-10-30,10045,2014-10-30,150.0,0.0,19.0
668,2014-10-31,9575,2014-10-31,122.0,0.0,13.0
669,2014-11-01,6064,2014-11-01,100.0,0.0,66.0
670,2014-11-02,5643,2014-11-02,94.0,0.0,84.0
671,2014-11-03,8563,2014-11-03,161.0,0.0,30.0
672,2014-11-04,9809,2014-11-04,211.0,0.0,21.0
673,2014-11-05,9118,2014-11-05,178.0,5.0,16.0
674,2014-11-06,7306,2014-11-06,167.0,79.0,20.0
675,2014-11-07,8690,2014-11-07,122.0,0.0,68.0
676,2014-11-08,7551,2014-11-08,100.0,0.0,27.0
677,2014-11-09,7826,2014-11-09,139.0,0.0,12.0
678,2014-11-10,9294,2014-11-10,167.0,0.0,16.0
679,2014-11-11,10772,2014-11-11,211.0,0.0,17.0
680,2014-11-12,9539,2014-11-12,167.0,0.0,34.0
681,2014-11-13,7124,2014-11-13,67.0,0.0,34.0
682,2014-11-14,7018,2014-11-14,44.0,0.0,49.0
683,2014-11-15,5938,2014-11-15,61.0,0.0,25.0
684,2014-11-16,4737,2014-11-16,61.0,15.0,16.0
685,2014-11-17,4083,2014-11-17,83.0,168.0,42.0
686,2014-11-18,5528,2014-11-18,22.0,0.0,70.0
687,2014-11-19,5982,2014-11-19,17.0,0.0,32.0
688,2014-11-20,7235,2014-11-20,111.0,0.0,44.0
689,2014-11-21,6345,2014-11-21,17.0,0.0,41.0
690,2014-11-22,5561,2014-11-22,94.0,0.0,32.0
691,2014-11-23,5560,2014-11-23,122.0,66.0,26.0
692,2014-11-24,9142,2014-11-24,211.0,38.0,54.0
693,2014-11-25,8127,2014-11-25,150.0,0.0,20.0
694,2014-11-26,1424,2014-11-26,72.0,305.0,35.0
695,2014-11-27,1843,2014-11-27,67.0,0.0,27.0
696,2014-11-28,2609,2014-11-28,28.0,0.0,36.0
697,2014-11-29,3651,2014-11-29,72.0,0.0,22.0
698,2014-11-30,4966,2014-11-30,178.0,0.0,43.0
699,2014-12-01,6314,2014-12-01,211.0,3.0,41.0
700,2014-12-02,2653,2014-12-02,50.0,137.0,25.0
701,2014-12-03,6853,2014-12-03,94.0,5.0,45.0
702,2014-12-04,7332,2014-12-04,61.0,0.0,17.0
703,2014-12-05,5986,2014-12-05,44.0,10.0,15.0
704,2014-12-06,2677,2014-12-06,89.0,135.0,33.0
705,2014-12-07,5253,2014-12-07,67.0,0.0,59.0
706,2014-12-08,6026,2014-12-08,17.0,18.0,37.0
707,2014-12-09,3290,2014-12-09,56.0,114.0,55.0
708,2014-12-10,6697,2014-12-10,72.0,0.0,82.0
709,2014-12-11,6320,2014-12-11,39.0,0.0,60.0
710,2014-12-12,6760,2014-12-12,56.0,0.0,52.0
711,2014-12-13,5623,2014-12-13,89.0,0.0,29.0
712,2014-12-14,5247,2014-12-14,111.0,0.0,51.0
713,2014-12-15,7638,2014-12-15,144.0,0.0,11.0
714,2014-12-16,5947,2014-12-16,67.0,104.0,10.0
715,2014-12-17,7369,2014-12-17,111.0,0.0,43.0
716,2014-12-18,6313,2014-12-18,33.0,0.0,54.0
717,2014-12-19,5867,2014-12-19,33.0,0.0,45.0
718,2014-12-20,3847,2014-12-20,17.0,0.0,6.0
719,2014-12-21,3552,2014-12-21,44.0,0.0,7.0
720,2014-12-22,2963,2014-12-22,11.0,66.0,21.0
721,2014-12-23,3720,2014-12-23,56.0,20.0,16.0
722,2014-12-24,1212,2014-12-24,128.0,193.0,15.0
723,2014-12-25,1635,2014-12-25,128.0,10.0,43.0
724,2014-12-26,2911,2014-12-26,100.0,0.0,11.0
725,2014-12-27,4181,2014-12-27,150.0,0.0,8.0
726,2014-12-28,2861,2014-12-28,139.0,10.0,18.0
727,2014-12-29,5142,2014-12-29,61.0,3.0,23.0
728,2014-12-30,5162,2014-12-30,44.0,0.0,30.0
729,2014-12-31,4209,2014-12-31,22.0,0.0,17.0
730,2015-01-01,2578,2015-01-01,56.0,0.0,31.0
731,2015-01-02,5108,2015-01-02,67.0,0.0,2.0
732,2015-01-03,1703,2015-01-03,33.0,142.0,9.0
733,2015-01-04,3658,2015-01-04,156.0,71.0,57.0
734,2015-01-05,5222,2015-01-05,78.0,0.0,72.0
735,2015-01-06,2060,2015-01-06,-21.0,71.0,16.0
736,2015-01-07,3035,2015-01-07,-55.0,0.0,60.0
737,2015-01-08,2952,2015-01-08,-60.0,0.0,42.0
738,2015-01-09,4214,2015-01-09,22.0,0.0,48.0
739,2015-01-10,2673,2015-01-10,-38.0,0.0,23.0
740,2015-01-11,3451,2015-01-11,39.0,0.0,14.0
741,2015-01-12,2155,2015-01-12,33.0,157.0,20.0
742,2015-01-13,5473,2015-01-13,33.0,0.0,51.0
743,2015-01-14,4555,2015-01-14,-21.0,0.0,29.0
744,2015-01-15,5774,2015-01-15,22.0,0.0,12.0
745,2015-01-16,5683,2015-01-16,56.0,0.0,39.0
746,2015-01-17,4217,2015-01-17,28.0,0.0,31.0
747,2015-01-18,2523,2015-01-18,61.0,0.0,23.0
748,2015-01-19,4634,2015-01-19,78.0,0.0,28.0
749,2015-01-20,6263,2015-01-20,78.0,0.0,6.0
750,2015-01-21,5350,2015-01-21,6.0,41.0,7.0
751,2015-01-22,6369,2015-01-22,67.0,3.0,35.0
752,2015-01-23,4733,2015-01-23,44.0,173.0,21.0
753,2015-01-24,3472,2015-01-24,56.0,94.0,41.0
754,2015-01-25,5159,2015-01-25,83.0,0.0,19.0
755,2015-01-26,2429,2015-01-26,61.0,58.0,46.0
756,2015-01-27,4067,2015-01-27,0.0,5.0,70.0
757,2015-01-28,5094,2015-01-28,17.0,0.0,53.0
758,2015-01-29,4628,2015-01-29,22.0,13.0,24.0
759,2015-01-30,4848,2015-01-30,39.0,0.0,82.0
760,2015-01-31,3331,2015-01-31,11.0,0.0,42.0
761,2015-02-01,3587,2015-02-01,50.0,13.0,22.0
762,2015-02-02,3881,2015-02-02,83.0,38.0,62.0
763,2015-02-03,5117,2015-02-03,22.0,0.0,34.0
764,2015-02-04,6074,2015-02-04,122.0,0.0,31.0
765,2015-02-05,4986,2015-02-05,50.0,0.0,74.0
766,2015-02-06,4927,2015-02-06,22.0,0.0,26.0
767,2015-02-07,4925,2015-02-07,83.0,0.0,11.0
768,2015-02-08,6647,2015-02-08,156.0,0.0,17.0
769,2015-02-09,4939,2015-02-09,39.0,28.0,33.0
770,2015-02-10,5667,2015-02-10,33.0,0.0,55.0
771,2015-02-11,6592,2015-02-11,72.0,0.0,23.0
772,2015-02-12,5439,2015-02-12,44.0,0.0,62.0
773,2015-02-13,4010,2015-02-13,-27.0,0.0,47.0
774,2015-02-14,2933,2015-02-14,56.0,8.0,56.0
775,2015-02-15,1041,2015-02-15,-77.0,0.0,119.0
776,2015-02-16,1315,2015-02-16,-88.0,69.0,30.0
777,2015-02-17,1178,2015-02-17,-21.0,30.0,16.0
778,2015-02-18,3143,2015-02-18,6.0,0.0,40.0
779,2015-02-19,2682,2015-02-19,-93.0,0.0,79.0
780,2015-02-20,2484,2015-02-20,-71.0,0.0,40.0
781,2015-02-21,741,2015-02-21,6.0,236.0,38.0
782,2015-02-22,1989,2015-02-22,78.0,0.0,13.0
783,2015-02-23,3597,,,,
784,2015-02-24,3871,2015-02-24,-27.0,0.0,24.0
785,2015-02-25,4950,2015-02-25,33.0,0.0,17.0
786,2015-02-26,3475,2015-02-26,11.0,25.0,20.0
787,2015-02-27,4640,2015-02-27,-5.0,0.0,39.0
788,2015-02-28,3222,2015-02-28,-10.0,0.0,17.0
789,2015-03-01,768,2015-03-01,-5.0,79.0,20.0
790,2015-03-02,4067,2015-03-02,50.0,0.0,45.0
791,2015-03-03,3831,2015-03-03,28.0,0.0,39.0
792,2015-03-04,4141,2015-03-04,78.0,84.0,22.0
793,2015-03-05,538,2015-03-05,50.0,224.0,55.0
794,2015-03-06,1928,2015-03-06,-27.0,0.0,22.0
795,2015-03-07,3182,2015-03-07,83.0,0.0,31.0
796,2015-03-08,5348,2015-03-08,128.0,0.0,14.0
797,2015-03-09,7942,2015-03-09,161.0,0.0,3.0
798,2015-03-10,3941,2015-03-10,72.0,135.0,6.0
799,2015-03-11,7700,2015-03-11,167.0,0.0,21.0
800,2015-03-12,8999,2015-03-12,133.0,0.0,36.0
801,2015-03-13,7908,2015-03-13,106.0,0.0,25.0
802,2015-03-14,3547,2015-03-14,139.0,140.0,34.0
803,2015-03-15,6416,2015-03-15,128.0,0.0,65.0
804,2015-03-16,8781,2015-03-16,206.0,0.0,14.0
805,2015-03-17,9027,2015-03-17,206.0,0.0,64.0
806,2015-03-18,7382,2015-03-18,94.0,0.0,47.0
807,2015-03-19,8044,2015-03-19,106.0,0.0,13.0
808,2015-03-20,2905,2015-03-20,61.0,137.0,24.0
809,2015-03-21,9043,2015-03-21,161.0,0.0,22.0
810,2015-03-22,7953,2015-03-22,122.0,0.0,45.0
811,2015-03-23,7967,2015-03-23,83.0,0.0,29.0
812,2015-03-24,7729,2015-03-24,83.0,0.0,18.0
813,2015-03-25,7423,2015-03-25,106.0,5.0,21.0
814,2015-03-26,8536,2015-03-26,233.0,30.0,55.0
815,2015-03-27,6002,2015-03-27,94.0,160.0,44.0
816,2015-03-28,4573,2015-03-28,28.0,0.0,75.0
817,2015-03-29,5672,2015-03-29,78.0,0.0,34.0
818,2015-03-30,8952,2015-03-30,167.0,0.0,48.0
819,2015-03-31,8011,2015-03-31,200.0,3.0,60.0
820,2015-04-01,9877,2015-04-01,144.0,0.0,29.0
821,2015-04-02,11276,2015-04-02,222.0,0.0,64.0
822,2015-04-03,6428,2015-04-03,211.0,56.0,55.0
823,2015-04-04,10438,2015-04-04,178.0,0.0,81.0
824,2015-04-05,10187,2015-04-05,183.0,0.0,44.0
825,2015-04-06,12640,2015-04-06,244.0,0.0,43.0
826,2015-04-07,11117,2015-04-07,228.0,33.0,21.0
827,2015-04-08,7441,2015-04-08,144.0,13.0,33.0
828,2015-04-09,7828,2015-04-09,89.0,10.0,26.0
829,2015-04-10,9398,2015-04-10,194.0,5.0,26.0
830,2015-04-11,16746,2015-04-11,178.0,0.0,50.0
831,2015-04-12,15752,2015-04-12,206.0,0.0,18.0
832,2015-04-13,12696,2015-04-13,256.0,0.0,43.0
833,2015-04-14,3825,2015-04-14,189.0,127.0,31.0
834,2015-04-15,11129,2015-04-15,183.0,0.0,21.0
835,2015-04-16,11691,2015-04-16,217.0,20.0,32.0
836,2015-04-17,12550,2015-04-17,261.0,5.0,16.0
837,2015-04-18,16008,2015-04-18,267.0,0.0,15.0
838,2015-04-19,10255,2015-04-19,194.0,74.0,54.0
839,2015-04-20,9068,2015-04-20,256.0,188.0,41.0
840,2015-04-21,11644,2015-04-21,194.0,0.0,44.0
841,2015-04-22,10545,2015-04-22,211.0,0.0,51.0
842,2015-04-23,10107,2015-04-23,128.0,0.0,52.0
843,2015-04-24,10376,2015-04-24,156.0,0.0,58.0
844,2015-04-25,7192,2015-04-25,100.0,76.0,21.0
845,2015-04-26,10337,2015-04-26,172.0,0.0,26.0
846,2015-04-27,8869,2015-04-27,144.0,0.0,44.0
847,2015-04-28,10999,2015-04-28,206.0,0.0,46.0
848,2015-04-29,11664,2015-04-29,233.0,0.0,10.0
849,2015-04-30,10257,2015-04-30,222.0,18.0,19.0
850,2015-05-01,10356,2015-05-01,178.0,0.0,26.0
851,2015-05-02,12579,2015-05-02,239.0,0.0,22.0
852,2015-05-03,12106,2015-05-03,267.0,0.0,16.0
853,2015-05-04,11992,2015-05-04,289.0,0.0,34.0
854,2015-05-05,11100,2015-05-05,294.0,5.0,18.0
855,2015-05-06,11489,2015-05-06,283.0,10.0,20.0
856,2015-05-07,12322,2015-05-07,267.0,0.0,19.0
857,2015-05-08,13431,2015-05-08,283.0,0.0,15.0
858,2015-05-09,12851,2015-05-09,261.0,0.0,25.0
859,2015-05-10,11100,2015-05-10,278.0,0.0,25.0
860,2015-05-11,12139,2015-05-11,283.0,3.0,18.0
861,2015-05-12,12067,2015-05-12,306.0,0.0,42.0
862,2015-05-13,11780,2015-05-13,200.0,0.0,64.0
863,2015-05-14,12617,2015-05-14,211.0,0.0,23.0
864,2015-05-15,13651,2015-05-15,250.0,0.0,32.0
865,2015-05-16,11208,2015-05-16,306.0,178.0,22.0
866,2015-05-17,10942,2015-05-17,283.0,0.0,13.0
867,2015-05-18,10445,2015-05-18,317.0,97.0,15.0
868,2015-05-19,12068,2015-05-19,306.0,0.0,30.0
869,2015-05-20,12986,2015-05-20,217.0,0.0,55.0
870,2015-05-21,6983,2015-05-21,144.0,66.0,17.0
871,2015-05-22,12531,2015-05-22,239.0,0.0,47.0
872,2015-05-23,12720,2015-05-23,228.0,0.0,19.0
873,2015-05-24,13579,2015-05-24,272.0,0.0,19.0
874,2015-05-25,12009,2015-05-25,283.0,0.0,44.0
875,2015-05-26,11354,2015-05-26,306.0,0.0,34.0
876,2015-05-27,11475,2015-05-27,300.0,267.0,29.0
877,2015-05-28,11638,2015-05-28,317.0,0.0,14.0
878,2015-05-29,12067,2015-05-29,289.0,0.0,26.0
879,2015-05-30,12672,2015-05-30,317.0,0.0,39.0
880,2015-05-31,10928,2015-05-31,306.0,0.0,37.0
881,2015-06-01,8106,2015-06-01,311.0,15.0,25.0
882,2015-06-02,8055,2015-06-02,211.0,41.0,40.0
883,2015-06-03,9882,2015-06-03,156.0,0.0,28.0
884,2015-06-04,6360,2015-06-04,161.0,185.0,26.0
885,2015-06-05,11082,2015-06-05,233.0,0.0,16.0
886,2015-06-06,12685,2015-06-06,261.0,0.0,36.0
887,2015-06-07,11675,2015-06-07,250.0,0.0,34.0
888,2015-06-08,9967,2015-06-08,306.0,267.0,49.0
889,2015-06-09,11772,2015-06-09,289.0,0.0,44.0
890,2015-06-10,11590,2015-06-10,278.0,0.0,24.0
891,2015-06-11,11854,2015-06-11,333.0,0.0,22.0
892,2015-06-12,10872,2015-06-12,328.0,5.0,32.0
893,2015-06-13,11768,2015-06-13,317.0,0.0,21.0
894,2015-06-14,9515,2015-06-14,322.0,0.0,14.0
895,2015-06-15,9987,2015-06-15,322.0,66.0,21.0
896,2015-06-16,11500,2015-06-16,328.0,0.0,36.0
897,2015-06-17,11175,2015-06-17,261.0,91.0,14.0
898,2015-06-18,9995,2015-06-18,311.0,157.0,20.0
899,2015-06-19,12024,2015-06-19,289.0,18.0,22.0
900,2015-06-20,9318,2015-06-20,306.0,282.0,22.0
901,2015-06-21,8784,2015-06-21,328.0,23.0,29.0
902,2015-06-22,11263,2015-06-22,317.0,0.0,22.0
903,2015-06-23,9190,2015-06-23,339.0,140.0,35.0
904,2015-06-24,12590,2015-06-24,283.0,0.0,33.0
905,2015-06-25,11131,2015-06-25,283.0,102.0,14.0
906,2015-06-26,13042,2015-06-26,267.0,0.0,24.0
907,2015-06-27,3305,2015-06-27,233.0,373.0,35.0
908,2015-06-28,11621,2015-06-28,250.0,94.0,31.0
909,2015-06-29,12205,2015-06-29,272.0,0.0,26.0
910,2015-06-30,11980,2015-06-30,294.0,30.0,31.0
911,2015-07-01,11223,2015-07-01,294.0,13.0,25.0
912,2015-07-02,11257,2015-07-02,233.0,0.0,17.0
913,2015-07-03,12791,2015-07-03,261.0,3.0,13.0
914,2015-07-04,10288,2015-07-04,272.0,218.0,8.0
915,2015-07-05,12199,2015-07-05,272.0,5.0,14.0
916,2015-07-06,10902,2015-07-06,289.0,127.0,23.0
917,2015-07-07,12223,2015-07-07,306.0,0.0,26.0
918,2015-07-08,9495,2015-07-08,311.0,406.0,23.0
919,2015-07-09,11045,2015-07-09,306.0,0.0,22.0
920,2015-07-10,13013,2015-07-10,289.0,0.0,32.0
921,2015-07-11,12420,2015-07-11,289.0,13.0,21.0
922,2015-07-12,11711,2015-07-12,300.0,0.0,9.0
923,2015-07-13,10224,2015-07-13,256.0,53.0,13.0
924,2015-07-14,11591,2015-07-14,306.0,0.0,26.0
925,2015-07-15,12088,2015-07-15,294.0,0.0,44.0
926,2015-07-16,13257,,,,
927,2015-07-17,12627,2015-07-17,272.0,0.0,30.0
928,2015-07-18,11096,2015-07-18,306.0,13.0,24.0
929,2015-07-19,10148,2015-07-19,344.0,0.0,16.0
930,2015-07-20,10856,2015-07-20,333.0,0.0,21.0
931,2015-07-21,11811,2015-07-21,306.0,0.0,17.0
932,2015-07-22,12934,2015-07-22,294.0,0.0,35.0
933,2015-07-23,12992,2015-07-23,283.0,0.0,22.0
934,2015-07-24,13339,2015-07-24,294.0,0.0,19.0
935,2015-07-25,12902,2015-07-25,311.0,0.0,16.0
936,2015-07-26,11314,2015-07-26,311.0,0.0,37.0
937,2015-07-27,10919,2015-07-27,300.0,84.0,13.0
938,2015-07-28,11976,2015-07-28,322.0,15.0,12.0
939,2015-07-29,12170,2015-07-29,306.0,0.0,22.0
940,2015-07-30,10808,2015-07-30,317.0,292.0,26.0
941,2015-07-31,12396,2015-07-31,306.0,0.0,21.0
942,2015-08-01,12043,2015-08-01,311.0,0.0,20.0
943,2015-08-02,11447,2015-08-02,306.0,0.0,16.0
944,2015-08-03,12085,2015-08-03,317.0,0.0,34.0
945,2015-08-04,11626,2015-08-04,328.0,43.0,26.0
946,2015-08-05,12501,2015-08-05,311.0,0.0,22.0
947,2015-08-06,12617,2015-08-06,261.0,5.0,22.0
948,2015-08-07,12181,2015-08-07,256.0,0.0,24.0
949,2015-08-08,12970,2015-08-08,283.0,0.0,21.0
950,2015-08-09,11651,2015-08-09,294.0,0.0,26.0
951,2015-08-10,10494,2015-08-10,239.0,38.0,38.0
952,2015-08-11,11342,2015-08-11,317.0,0.0,41.0
953,2015-08-12,12485,2015-08-12,289.0,0.0,37.0
954,2015-08-13,12435,2015-08-13,278.0,0.0,26.0
955,2015-08-14,12549,2015-08-14,300.0,0.0,11.0
956,2015-08-15,12082,2015-08-15,317.0,0.0,16.0
957,2015-08-16,10192,2015-08-16,339.0,0.0,18.0
958,2015-08-17,10971,2015-08-17,344.0,0.0,23.0
959,2015-08-18,11595,2015-08-18,294.0,18.0,20.0
960,2015-08-19,11966,2015-08-19,311.0,41.0,29.0
961,2015-08-20,10192,2015-08-20,294.0,104.0,18.0
962,2015-08-21,12902,2015-08-21,283.0,0.0,31.0
963,2015-08-22,12339,2015-08-22,289.0,0.0,23.0
964,2015-08-23,10981,2015-08-23,289.0,0.0,13.0
965,2015-08-24,10283,2015-08-24,322.0,25.0,16.0
966,2015-08-25,12672,2015-08-25,283.0,0.0,22.0
967,2015-08-26,12330,2015-08-26,261.0,0.0,31.0
968,2015-08-27,12406,2015-08-27,267.0,0.0,27.0
969,2015-08-28,12210,2015-08-28,289.0,0.0,15.0
970,2015-08-29,11526,2015-08-29,306.0,0.0,27.0
971,2015-08-30,10188,2015-08-30,306.0,0.0,20.0
972,2015-08-31,11052,2015-08-31,306.0,3.0,17.0
973,2015-09-01,11522,2015-09-01,339.0,0.0,17.0
974,2015-09-02,11378,2015-09-02,339.0,0.0,14.0
975,2015-09-03,11131,2015-09-03,344.0,0.0,20.0
976,2015-09-04,11050,2015-09-04,328.0,20.0,17.0
977,2015-09-05,10867,2015-09-05,300.0,0.0,23.0
978,2015-09-06,12400,2015-09-06,300.0,0.0,9.0
979,2015-09-07,10351,2015-09-07,322.0,0.0,19.0
980,2015-09-08,10965,2015-09-08,339.0,0.0,28.0
981,2015-09-09,11065,2015-09-09,333.0,0.0,22.0
982,2015-09-10,10356,2015-09-10,261.0,18.0,38.0
983,2015-09-11,12167,2015-09-11,289.0,0.0,27.0
984,2015-09-12,6665,2015-09-12,228.0,41.0,17.0
985,2015-09-13,10397,2015-09-13,228.0,0.0,46.0
986,2015-09-14,11156,2015-09-14,261.0,0.0,30.0
987,2015-09-15,11943,2015-09-15,283.0,0.0,10.0
988,2015-09-16,11938,2015-09-16,300.0,0.0,9.0
989,2015-09-17,11949,2015-09-17,306.0,0.0,13.0
990,2015-09-18,11956,2015-09-18,294.0,0.0,17.0
991,2015-09-19,11580,2015-09-19,306.0,0.0,25.0
992,2015-09-20,10998,2015-09-20,267.0,0.0,46.0
993,2015-09-21,7816,2015-09-21,189.0,61.0,34.0
994,2015-09-22,11952,2015-09-22,244.0,30.0,31.0
995,2015-09-23,12773,2015-09-23,261.0,0.0,24.0
996,2015-09-24,12514,2015-09-24,261.0,0.0,25.0
997,2015-09-25,11403,2015-09-25,217.0,0.0,33.0
998,2015-09-26,11038,2015-09-26,228.0,10.0,41.0
999,2015-09-27,9979,2015-09-27,222.0,0.0,36.0
1000,2015-09-28,11305,2015-09-28,267.0,3.0,20.0
1001,2015-09-29,7240,2015-09-29,261.0,399.0,22.0
1002,2015-09-30,10184,2015-09-30,228.0,10.0,41.0
1003,2015-10-01,4799,2015-10-01,144.0,69.0,50.0
1004,2015-10-02,2079,2015-10-02,128.0,279.0,57.0
1005,2015-10-03,4050,2015-10-03,133.0,94.0,57.0
1006,2015-10-04,6624,2015-10-04,150.0,3.0,51.0
1007,2015-10-05,10445,2015-10-05,200.0,0.0,35.0
1008,2015-10-06,11551,2015-10-06,239.0,0.0,16.0
1009,2015-10-07,11734,2015-10-07,250.0,0.0,15.0
1010,2015-10-08,11711,2015-10-08,244.0,0.0,9.0
1011,2015-10-09,10501,2015-10-09,278.0,33.0,36.0
1012,2015-10-10,10269,2015-10-10,189.0,0.0,29.0
1013,2015-10-11,10491,2015-10-11,217.0,0.0,6.0
1014,2015-10-12,10495,2015-10-12,239.0,0.0,16.0
1015,2015-10-13,10803,2015-10-13,261.0,0.0,27.0
1016,2015-10-14,11406,2015-10-14,206.0,0.0,29.0
1017,2015-10-15,11506,2015-10-15,194.0,0.0,25.0
1018,2015-10-16,11263,2015-10-16,189.0,0.0,39.0
1019,2015-10-17,8782,2015-10-17,144.0,0.0,46.0
1020,2015-10-18,6978,2015-10-18,111.0,0.0,39.0
1021,2015-10-19,9074,2015-10-19,139.0,0.0,17.0
1022,2015-10-20,10036,2015-10-20,206.0,0.0,18.0
1023,2015-10-21,10678,2015-10-21,250.0,0.0,8.0
1024,2015-10-22,11287,2015-10-22,267.0,0.0,13.0
1025,2015-10-23,11470,2015-10-23,206.0,0.0,27.0
1026,2015-10-24,9730,2015-10-24,167.0,0.0,29.0
1027,2015-10-25,8587,2015-10-25,206.0,20.0,34.0
1028,2015-10-26,9973,2015-10-26,156.0,0.0,16.0
1029,2015-10-27,9797,2015-10-27,139.0,3.0,20.0
1030,2015-10-28,5179,2015-10-28,211.0,500.0,55.0
1031,2015-10-29,10632,2015-10-29,206.0,3.0,26.0
1032,2015-10-30,9700,2015-10-30,144.0,0.0,39.0
1033,2015-10-31,8721,2015-10-31,156.0,0.0,21.0
1034,2015-11-01,7211,2015-11-01,189.0,15.0,23.0
1035,2015-11-02,9446,2015-11-02,178.0,0.0,4.0
1036,2015-11-03,10508,2015-11-03,233.0,0.0,4.0
1037,2015-11-04,10822,2015-11-04,239.0,25.0,13.0
1038,2015-11-05,10553,2015-11-05,244.0,0.0,18.0
1039,2015-11-06,11609,2015-11-06,267.0,0.0,43.0
1040,2015-11-07,5610,2015-11-07,194.0,46.0,29.0
1041,2015-11-08,8994,2015-11-08,139.0,0.0,23.0
1042,2015-11-09,6715,2015-11-09,106.0,137.0,19.0
1043,2015-11-10,5773,2015-11-10,128.0,64.0,46.0
1044,2015-11-11,8901,2015-11-11,167.0,0.0,56.0
1045,2015-11-12,8476,2015-11-12,178.0,8.0,30.0
1046,2015-11-13,9262,2015-11-13,156.0,0.0,62.0
1047,2015-11-14,7171,2015-11-14,117.0,0.0,62.0
1048,2015-11-15,7441,2015-11-15,189.0,0.0,23.0
1049,2015-11-16,9156,2015-11-16,200.0,0.0,10.0
1050,2015-11-17,9226,2015-11-17,161.0,0.0,34.0
1051,2015-11-18,9768,2015-11-18,189.0,0.0,38.0
1052,2015-11-19,6255,2015-11-19,183.0,99.0,29.0
1053,2015-11-20,9097,2015-11-20,139.0,0.0,46.0
1054,2015-11-21,7299,2015-11-21,128.0,0.0,22.0
1055,2015-11-22,4948,2015-11-22,83.0,0.0,56.0
1056,2015-11-23,6601,2015-11-23,56.0,0.0,38.0
1057,2015-11-24,7500,2015-11-24,122.0,0.0,20.0
1058,2015-11-25,6864,2015-11-25,139.0,0.0,19.0
1059,2015-11-26,3394,2015-11-26,172.0,0.0,17.0
1060,2015-11-27,6240,2015-11-27,200.0,0.0,25.0
1061,2015-11-28,6418,2015-11-28,183.0,0.0,7.0
1062,2015-11-29,2877,2015-11-29,128.0,66.0,38.0
1063,2015-11-30,4160,2015-11-30,56.0,64.0,35.0
1064,2015-12-01,3954,2015-12-01,83.0,147.0,18.0
1065,2015-12-02,5740,2015-12-02,139.0,53.0,24.0
1066,2015-12-03,7969,2015-12-03,94.0,0.0,64.0
1067,2015-12-04,7940,2015-12-04,100.0,0.0,21.0
1068,2015-12-05,7086,2015-12-05,117.0,0.0,9.0
1069,2015-12-06,5980,2015-12-06,122.0,0.0,12.0
1070,2015-12-07,7928,2015-12-07,150.0,0.0,17.0
1071,2015-12-08,8458,2015-12-08,117.0,0.0,9.0
1072,2015-12-09,7982,2015-12-09,78.0,3.0,16.0
1073,2015-12-10,8685,2015-12-10,172.0,0.0,12.0
1074,2015-12-11,8722,2015-12-11,172.0,0.0,13.0
1075,2015-12-12,8720,2015-12-12,217.0,0.0,8.0
1076,2015-12-13,8034,2015-12-13,228.0,0.0,15.0
1077,2015-12-14,6645,2015-12-14,206.0,18.0,45.0
1078,2015-12-15,8803,2015-12-15,189.0,18.0,62.0
1079,2015-12-16,8625,2015-12-16,133.0,0.0,21.0
1080,2015-12-17,4553,2015-12-17,111.0,147.0,11.0
1081,2015-12-18,6698,2015-12-18,94.0,0.0,59.0
1082,2015-12-19,4279,2015-12-19,67.0,0.0,42.0
1083,2015-12-20,4219,2015-12-20,78.0,0.0,22.0
1084,2015-12-21,6675,2015-12-21,133.0,0.0,47.0
1085,2015-12-22,4934,2015-12-22,156.0,28.0,34.0
1086,2015-12-23,2263,2015-12-23,178.0,147.0,25.0
1087,2015-12-24,2796,2015-12-24,217.0,8.0,44.0
1088,2015-12-25,1502,2015-12-25,211.0,170.0,16.0
1089,2015-12-26,2702,2015-12-26,156.0,10.0,25.0
1090,2015-12-27,4623,2015-12-27,206.0,33.0,48.0
1091,2015-12-28,4459,2015-12-28,133.0,66.0,47.0
1092,2015-12-29,5253,2015-12-29,106.0,99.0,18.0
1093,2015-12-30,5275,2015-12-30,122.0,8.0,14.0
1094,2015-12-31,5855,2015-12-31,139.0,0.0,31.0
1095,2016-01-01,3220,2016-01-01,61.0,0.0,38.0
1096,2016-01-02,4921,2016-01-02,94.0,0.0,20.0
1097,2016-01-03,4965,2016-01-03,122.0,0.0,22.0
1098,2016-01-04,5133,2016-01-04,28.0,0.0,68.0
1099,2016-01-05,4850,2016-01-05,0.0,0.0,34.0
1100,2016-01-06,5712,2016-01-06,44.0,0.0,9.0
1101,2016-01-07,6592,2016-01-07,50.0,0.0,6.0
1102,2016-01-08,6153,,,,
1103,2016-01-09,5314,2016-01-09,100.0,61.0,9.0
1104,2016-01-10,5663,2016-01-10,150.0,254.0,57.0
1105,2016-01-11,6294,2016-01-11,39.0,0.0,46.0
1106,2016-01-12,6490,2016-01-12,72.0,3.0,53.0
1107,2016-01-13,5620,2016-01-13,-10.0,0.0,38.0
1108,2016-01-14,7164,2016-01-14,111.0,0.0,31.0
1109,2016-01-15,5983,2016-01-15,94.0,130.0,20.0
1110,2016-01-16,5908,2016-01-16,111.0,3.0,34.0
1111,2016-01-17,3400,2016-01-17,28.0,5.0,25.0
1112,2016-01-18,2499,2016-01-18,0.0,0.0,84.0
1113,2016-01-19,3912,2016-01-19,-32.0,0.0,72.0
1114,2016-01-20,4321,2016-01-20,-16.0,0.0,26.0
1115,2016-01-21,4228,2016-01-21,0.0,0.0,51.0
1116,2016-01-22,2985,,,,
1117,2016-01-27,528,2016-01-27,72.0,3.0,42.0
1118,2016-01-28,2022,2016-01-28,56.0,0.0,16.0
1119,2016-01-29,2942,2016-01-29,39.0,3.0,55.0
1120,2016-01-30,2822,2016-01-30,83.0,0.0,30.0
1121,2016-01-31,3611,2016-01-31,156.0,0.0,33.0
1122,2016-02-01,4604,2016-02-01,133.0,46.0,30.0
1123,2016-02-02,6584,2016-02-02,94.0,0.0,26.0
1124,2016-02-03,4243,2016-02-03,122.0,193.0,32.0
1125,2016-02-04,6691,2016-02-04,122.0,3.0,45.0
1126,2016-02-05,5822,2016-02-05,56.0,5.0,59.0
1127,2016-02-06,5042,,,,
1128,2016-02-07,4664,2016-02-07,72.0,0.0,20.0
1129,2016-02-08,5994,2016-02-08,83.0,0.0,28.0
1130,2016-02-09,4053,2016-02-09,39.0,79.0,33.0
1131,2016-02-10,5493,2016-02-10,22.0,0.0,68.0
1132,2016-02-11,4246,,,,
1133,2016-02-12,4363,2016-02-12,-10.0,0.0,22.0
1134,2016-02-13,1535,2016-02-13,-32.0,0.0,91.0
1135,2016-02-14,1851,2016-02-14,-43.0,5.0,27.0
1136,2016-02-15,501,2016-02-15,-10.0,122.0,22.0
1137,2016-02-16,3238,2016-02-16,89.0,201.0,31.0
1138,2016-02-17,6097,2016-02-17,83.0,0.0,34.0
1139,2016-02-18,5822,,,,
1140,2016-02-19,5633,2016-02-19,61.0,0.0,33.0
1141,2016-02-20,8245,2016-02-20,194.0,0.0,58.0
1142,2016-02-21,4254,2016-02-21,133.0,20.0,24.0
1143,2016-02-22,7148,2016-02-22,117.0,0.0,21.0
1144,2016-02-23,2585,2016-02-23,61.0,91.0,33.0
1145,2016-02-24,3279,2016-02-24,144.0,198.0,26.0
1146,2016-02-25,6330,2016-02-25,117.0,0.0,68.0
1147,2016-02-26,5345,2016-02-26,33.0,0.0,77.0
1148,2016-02-27,5432,2016-02-27,83.0,0.0,18.0
1149,2016-02-28,8732,2016-02-28,189.0,0.0,48.0
1150,2016-02-29,7828,2016-02-29,167.0,0.0,55.0
1151,2016-03-01,8588,2016-03-01,189.0,0.0,42.0
1152,2016-03-02,5918,2016-03-02,161.0,10.0,81.0
1153,2016-03-03,5902,2016-03-03,50.0,13.0,19.0
1154,2016-03-04,5345,2016-03-04,44.0,10.0,38.0
1155,2016-03-05,5334,2016-03-05,72.0,0.0,26.0
1156,2016-03-06,5899,2016-03-06,106.0,0.0,18.0
1157,2016-03-07,9003,2016-03-07,189.0,0.0,40.0
1158,2016-03-08,10558,2016-03-08,256.0,0.0,19.0
1159,2016-03-09,11214,2016-03-09,278.0,0.0,27.0
1160,2016-03-10,10954,2016-03-10,267.0,0.0,46.0
1161,2016-03-11,11219,2016-03-11,222.0,0.0,30.0
1162,2016-03-12,10428,2016-03-12,172.0,0.0,12.0
1163,2016-03-13,5194,2016-03-13,161.0,135.0,29.0
1164,2016-03-14,7671,2016-03-14,117.0,8.0,35.0
1165,2016-03-15,8558,2016-03-15,172.0,3.0,19.0
1166,2016-03-16,13356,2016-03-16,239.0,0.0,20.0
1167,2016-03-17,10673,2016-03-17,194.0,0.0,36.0
1168,2016-03-18,11429,2016-03-18,183.0,0.0,47.0
1169,2016-03-19,3227,2016-03-19,106.0,86.0,34.0
1170,2016-03-20,4532,2016-03-20,67.0,0.0,29.0
1171,2016-03-21,7580,2016-03-21,111.0,0.0,51.0
1172,2016-03-22,9763,2016-03-22,167.0,0.0,38.0
1173,2016-03-23,12340,2016-03-23,233.0,0.0,46.0
1174,2016-03-24,13363,2016-03-24,250.0,0.0,47.0
1175,2016-03-25,12212,2016-03-25,217.0,0.0,64.0
1176,2016-03-26,14116,2016-03-26,161.0,0.0,30.0
1177,2016-03-27,8564,2016-03-27,133.0,8.0,21.0
1178,2016-03-28,8430,2016-03-28,200.0,97.0,70.0
1179,2016-03-29,10221,2016-03-29,150.0,0.0,60.0
1180,2016-03-30,10873,2016-03-30,183.0,0.0,37.0
1181,2016-03-31,11029,2016-03-31,222.0,0.0,67.0
1182,2016-04-01,10874,2016-04-01,278.0,5.0,62.0
1183,2016-04-02,9282,2016-04-02,183.0,23.0,52.0
1184,2016-04-03,6800,2016-04-03,117.0,0.0,71.0
1185,2016-04-04,7398,2016-04-04,222.0,8.0,56.0
1186,2016-04-05,7512,2016-04-05,72.0,0.0,49.0
1187,2016-04-06,9068,2016-04-06,139.0,0.0,50.0
1188,2016-04-07,5433,2016-04-07,167.0,239.0,47.0
1189,2016-04-08,9529,2016-04-08,106.0,0.0,49.0
1190,2016-04-09,4069,2016-04-09,78.0,20.0,72.0
1191,2016-04-10,7421,2016-04-10,117.0,0.0,36.0
1192,2016-04-11,9456,2016-04-11,233.0,5.0,70.0
1193,2016-04-12,8583,2016-04-12,194.0,3.0,66.0
1194,2016-04-13,10131,2016-04-13,150.0,0.0,21.0
1195,2016-04-14,10523,2016-04-14,178.0,0.0,17.0
1196,2016-04-15,11395,2016-04-15,178.0,0.0,17.0
1197,2016-04-16,13505,2016-04-16,217.0,0.0,21.0
1198,2016-04-17,12367,2016-04-17,233.0,0.0,13.0
1199,2016-04-18,11882,2016-04-18,283.0,0.0,17.0
1200,2016-04-19,11927,2016-04-19,278.0,0.0,36.0
1201,2016-04-20,11650,2016-04-20,217.0,0.0,26.0
1202,2016-04-21,11447,2016-04-21,239.0,0.0,43.0
1203,2016-04-22,11093,,,,
1204,2016-04-23,8487,2016-04-23,211.0,46.0,47.0
1205,2016-04-24,11948,2016-04-24,206.0,0.0,22.0
1206,2016-04-25,11694,2016-04-25,267.0,0.0,24.0
1207,2016-04-26,11718,2016-04-26,289.0,0.0,48.0
1208,2016-04-27,8360,2016-04-27,206.0,5.0,28.0
1209,2016-04-28,5195,2016-04-28,122.0,107.0,30.0
1210,2016-04-29,8258,2016-04-29,128.0,0.0,21.0
1211,2016-04-30,8511,2016-04-30,133.0,15.0,21.0
1212,2016-05-01,4376,2016-05-01,150.0,135.0,31.0
1213,2016-05-02,8139,2016-05-02,267.0,353.0,30.0
1214,2016-05-03,8132,2016-05-03,217.0,137.0,27.0
1215,2016-05-04,9625,2016-05-04,167.0,0.0,28.0
1216,2016-05-05,8726,2016-05-05,139.0,3.0,42.0
1217,2016-05-06,3102,2016-05-06,122.0,234.0,44.0
1218,2016-05-07,9225,2016-05-07,183.0,8.0,22.0
1219,2016-05-08,10803,2016-05-08,217.0,13.0,43.0
1220,2016-05-09,9164,2016-05-09,172.0,25.0,15.0
1221,2016-05-10,10242,2016-05-10,172.0,3.0,19.0
1222,2016-05-11,7669,2016-05-11,156.0,43.0,13.0
1223,2016-05-12,10805,2016-05-12,194.0,0.0,17.0
1224,2016-05-13,10106,2016-05-13,250.0,13.0,42.0
1225,2016-05-14,9389,2016-05-14,239.0,46.0,38.0
1226,2016-05-15,8507,2016-05-15,150.0,0.0,62.0
1227,2016-05-16,11357,2016-05-16,189.0,0.0,33.0
1228,2016-05-17,5374,2016-05-17,133.0,84.0,14.0
1229,2016-05-18,10583,2016-05-18,183.0,0.0,31.0
1230,2016-05-19,11720,2016-05-19,222.0,0.0,18.0
1231,2016-05-20,13860,2016-05-20,250.0,0.0,26.0
1232,2016-05-21,4432,2016-05-21,167.0,140.0,37.0
1233,2016-05-22,2851,2016-05-22,139.0,175.0,37.0
1234,2016-05-23,8048,2016-05-23,239.0,119.0,25.0
1235,2016-05-24,13235,2016-05-24,278.0,13.0,29.0
1236,2016-05-25,12786,2016-05-25,300.0,0.0,17.0
1237,2016-05-26,12188,2016-05-26,317.0,0.0,23.0
1238,2016-05-27,12139,2016-05-27,317.0,0.0,22.0
1239,2016-05-28,11560,2016-05-28,317.0,0.0,33.0
1240,2016-05-29,9069,2016-05-29,289.0,3.0,21.0
1241,2016-05-30,9930,2016-05-30,283.0,0.0,18.0
1242,2016-05-31,11578,2016-05-31,311.0,0.0,21.0
1243,2016-06-01,12355,2016-06-01,306.0,0.0,23.0
1244,2016-06-02,12366,2016-06-02,278.0,0.0,20.0
1245,2016-06-03,8517,2016-06-03,300.0,251.0,17.0
1246,2016-06-04,11991,2016-06-04,278.0,3.0,22.0
1247,2016-06-05,9378,2016-06-05,289.0,10.0,36.0
1248,2016-06-06,12468,2016-06-06,294.0,0.0,34.0
1249,2016-06-07,13271,2016-06-07,294.0,0.0,42.0
1250,2016-06-08,13586,2016-06-08,217.0,0.0,60.0
1251,2016-06-09,13423,2016-06-09,267.0,0.0,49.0
1252,2016-06-10,13730,2016-06-10,272.0,0.0,30.0
1253,2016-06-11,11993,2016-06-11,350.0,0.0,30.0
1254,2016-06-12,11023,2016-06-12,328.0,0.0,67.0
1255,2016-06-13,13161,2016-06-13,267.0,0.0,43.0
1256,2016-06-14,13949,2016-06-14,267.0,0.0,31.0
1257,2016-06-15,12954,2016-06-15,272.0,38.0,26.0
1258,2016-06-16,11056,2016-06-16,294.0,716.0,30.0
1259,2016-06-17,13290,,,,
1260,2016-06-18,13550,2016-06-18,289.0,0.0,17.0
1261,2016-06-19,11830,2016-06-19,306.0,0.0,21.0
1262,2016-06-20,12912,2016-06-20,317.0,0.0,23.0
1263,2016-06-21,9513,2016-06-21,306.0,429.0,30.0
1264,2016-06-22,13902,2016-06-22,289.0,0.0,33.0
1265,2016-06-23,9435,2016-06-23,261.0,150.0,16.0
1266,2016-06-24,12405,2016-06-24,294.0,0.0,27.0
1267,2016-06-25,13600,2016-06-25,283.0,0.0,23.0
1268,2016-06-26,12356,2016-06-26,294.0,0.0,21.0
1269,2016-06-27,11922,2016-06-27,300.0,0.0,31.0
1270,2016-06-28,11064,2016-06-28,317.0,15.0,22.0
1271,2016-06-29,13778,2016-06-29,272.0,0.0,36.0
1272,2016-06-30,13319,2016-06-30,283.0,0.0,14.0
1273,2016-07-01,12405,2016-07-01,311.0,0.0,20.0
1274,2016-07-02,14072,2016-07-02,267.0,0.0,34.0
1275,2016-07-03,13036,2016-07-03,228.0,5.0,19.0
1276,2016-07-04,7600,2016-07-04,222.0,86.0,35.0
1277,2016-07-05,11970,2016-07-05,322.0,140.0,26.0
1278,2016-07-06,12448,2016-07-06,328.0,0.0,20.0
1279,2016-07-07,12218,2016-07-07,322.0,0.0,28.0
1280,2016-07-08,11581,2016-07-08,317.0,8.0,22.0
1281,2016-07-09,12198,2016-07-09,328.0,0.0,36.0
1282,2016-07-10,11981,2016-07-10,294.0,0.0,42.0
1283,2016-07-11,12710,,,,
1284,2016-07-12,13168,,,,
1285,2016-07-13,12520,2016-07-13,333.0,0.0,15.0
1286,2016-07-14,12086,2016-07-14,350.0,0.0,35.0
1287,2016-07-15,12613,2016-07-15,328.0,0.0,26.0
1288,2016-07-16,13837,2016-07-16,333.0,41.0,18.0
1289,2016-07-17,15526,2016-07-17,322.0,0.0,19.0
1290,2016-07-18,9729,2016-07-18,350.0,53.0,26.0
1291,2016-07-19,12325,2016-07-19,328.0,0.0,21.0
1292,2016-07-20,13300,2016-07-20,300.0,0.0,24.0
1293,2016-07-21,12862,2016-07-21,322.0,0.0,19.0
1294,2016-07-22,12105,2016-07-22,344.0,0.0,27.0
1295,2016-07-23,10261,2016-07-23,367.0,8.0,26.0
1296,2016-07-24,9615,2016-07-24,361.0,5.0,25.0
1297,2016-07-25,10275,2016-07-25,378.0,3.0,23.0
1298,2016-07-26,11150,2016-07-26,350.0,0.0,28.0
1299,2016-07-27,11568,2016-07-27,344.0,0.0,19.0
1300,2016-07-28,9366,2016-07-28,333.0,251.0,25.0
1301,2016-07-29,12151,2016-07-29,322.0,86.0,26.0
1302,2016-07-30,8938,2016-07-30,311.0,81.0,32.0
1303,2016-07-31,10844,2016-07-31,322.0,0.0,16.0
1304,2016-08-01,11951,2016-08-01,322.0,0.0,21.0
1305,2016-08-02,13374,2016-08-02,311.0,0.0,29.0
1306,2016-08-03,13591,2016-08-03,278.0,0.0,28.0
1307,2016-08-04,13555,2016-08-04,289.0,0.0,15.0
1308,2016-08-05,13186,2016-08-05,267.0,0.0,34.0
1309,2016-08-06,11340,2016-08-06,328.0,5.0,31.0
1310,2016-08-07,11962,2016-08-07,317.0,0.0,25.0
1311,2016-08-08,11926,2016-08-08,311.0,0.0,19.0
1312,2016-08-09,12424,2016-08-09,256.0,0.0,17.0
1313,2016-08-10,12258,2016-08-10,339.0,0.0,40.0
1314,2016-08-11,11466,2016-08-11,350.0,0.0,42.0
1315,2016-08-12,10853,2016-08-12,356.0,0.0,40.0
1316,2016-08-13,8717,2016-08-13,372.0,0.0,36.0
1317,2016-08-14,7708,2016-08-14,361.0,13.0,30.0
1318,2016-08-15,9240,2016-08-15,356.0,36.0,20.0
1319,2016-08-16,11316,2016-08-16,356.0,0.0,31.0
1320,2016-08-17,10988,2016-08-17,344.0,168.0,29.0
1321,2016-08-18,11821,2016-08-18,322.0,0.0,25.0
1322,2016-08-19,11915,2016-08-19,317.0,0.0,15.0
1323,2016-08-20,11534,2016-08-20,322.0,0.0,23.0
1324,2016-08-21,7252,2016-08-21,322.0,18.0,34.0
1325,2016-08-22,12349,2016-08-22,294.0,0.0,33.0
1326,2016-08-23,13042,2016-08-23,294.0,0.0,19.0
1327,2016-08-24,12753,2016-08-24,306.0,0.0,34.0
1328,2016-08-25,12524,2016-08-25,328.0,0.0,34.0
1329,2016-08-26,11296,2016-08-26,350.0,0.0,20.0
1330,2016-08-27,11197,2016-08-27,333.0,0.0,22.0
1331,2016-08-28,10528,2016-08-28,328.0,0.0,13.0
1332,2016-08-29,11433,2016-08-29,344.0,0.0,20.0
1333,2016-08-30,12216,2016-08-30,328.0,0.0,23.0
1334,2016-08-31,11613,2016-08-31,333.0,5.0,23.0
1335,2016-09-01,9998,2016-09-01,289.0,43.0,26.0
1336,2016-09-02,12715,2016-09-02,267.0,0.0,37.0
1337,2016-09-03,11027,2016-09-03,267.0,0.0,47.0
1338,2016-09-04,12790,2016-09-04,278.0,0.0,24.0
1339,2016-09-05,11220,2016-09-05,311.0,0.0,21.0
1340,2016-09-06,11752,2016-09-06,339.0,0.0,39.0
1341,2016-09-07,11028,2016-09-07,344.0,0.0,31.0
1342,2016-09-08,11470,2016-09-08,356.0,0.0,28.0
1343,2016-09-09,11415,2016-09-09,367.0,0.0,26.0
1344,2016-09-10,10376,2016-09-10,356.0,0.0,32.0
1345,2016-09-11,11585,2016-09-11,289.0,0.0,43.0
1346,2016-09-12,12311,2016-09-12,289.0,0.0,23.0
1347,2016-09-13,12805,2016-09-13,322.0,0.0,34.0
1348,2016-09-14,12525,2016-09-14,339.0,0.0,23.0
1349,2016-09-15,13273,2016-09-15,250.0,0.0,33.0
1350,2016-09-16,13211,2016-09-16,250.0,0.0,24.0
1351,2016-09-17,12902,2016-09-17,278.0,0.0,37.0
1352,2016-09-18,11347,2016-09-18,317.0,0.0,33.0
1353,2016-09-19,8464,2016-09-19,244.0,58.0,21.0
1354,2016-09-20,12630,2016-09-20,272.0,0.0,29.0
1355,2016-09-21,12489,2016-09-21,289.0,0.0,28.0
1356,2016-09-22,12730,2016-09-22,306.0,0.0,17.0
1357,2016-09-23,13342,2016-09-23,328.0,0.0,11.0
1358,2016-09-24,13106,2016-09-24,244.0,0.0,26.0
1359,2016-09-25,11949,2016-09-25,233.0,0.0,20.0
1360,2016-09-26,11452,2016-09-26,200.0,8.0,32.0
1361,2016-09-27,12357,2016-09-27,250.0,69.0,22.0
1362,2016-09-28,7727,2016-09-28,200.0,208.0,36.0
1363,2016-09-29,5886,2016-09-29,200.0,236.0,63.0
1364,2016-09-30,8526,2016-09-30,178.0,25.0,49.0
1365,2016-10-01,6629,2016-10-01,183.0,51.0,30.0
1366,2016-10-02,10444,2016-10-02,239.0,0.0,12.0
1367,2016-10-03,12301,2016-10-03,244.0,0.0,23.0
1368,2016-10-04,12794,2016-10-04,239.0,0.0,27.0
1369,2016-10-05,12590,2016-10-05,217.0,0.0,23.0
1370,2016-10-06,12362,2016-10-06,217.0,0.0,13.0
1371,2016-10-07,13195,2016-10-07,211.0,0.0,21.0
1372,2016-10-08,5125,2016-10-08,189.0,51.0,31.0
1373,2016-10-09,10026,2016-10-09,194.0,0.0,88.0
1374,2016-10-10,10415,,,,
1375,2016-10-11,11529,2016-10-11,189.0,0.0,14.0
1376,2016-10-12,11797,2016-10-12,206.0,0.0,12.0
1377,2016-10-13,12239,2016-10-13,228.0,0.0,28.0
1378,2016-10-14,12471,2016-10-14,178.0,0.0,16.0
1379,2016-10-15,12319,2016-10-15,194.0,0.0,15.0
1380,2016-10-16,11253,2016-10-16,239.0,0.0,27.0
1381,2016-10-17,11905,2016-10-17,289.0,0.0,18.0
1382,2016-10-18,12986,2016-10-18,294.0,0.0,28.0
1383,2016-10-19,12921,2016-10-19,306.0,8.0,21.0
1384,2016-10-20,13020,2016-10-20,283.0,0.0,35.0
1385,2016-10-21,10585,2016-10-21,244.0,36.0,51.0
1386,2016-10-22,8904,2016-10-22,144.0,0.0,97.0
1387,2016-10-23,9605,2016-10-23,211.0,0.0,42.0
1388,2016-10-24,10800,2016-10-24,211.0,0.0,51.0
1389,2016-10-25,11181,2016-10-25,167.0,0.0,45.0
1390,2016-10-26,10697,2016-10-26,144.0,0.0,11.0
1391,2016-10-27,9280,2016-10-27,167.0,8.0,34.0
1392,2016-10-28,10627,2016-10-28,161.0,0.0,46.0
1393,2016-10-29,11615,2016-10-29,244.0,0.0,34.0
1394,2016-10-30,10902,2016-10-30,289.0,13.0,39.0
1395,2016-10-31,10726,2016-10-31,156.0,0.0,29.0
1396,2016-11-01,11369,2016-11-01,156.0,0.0,21.0
1397,2016-11-02,12123,2016-11-02,256.0,0.0,11.0
1398,2016-11-03,11958,2016-11-03,261.0,0.0,26.0
1399,2016-11-04,11980,2016-11-04,167.0,0.0,39.0
1400,2016-11-05,11303,2016-11-05,189.0,0.0,22.0
1401,2016-11-06,9840,2016-11-06,194.0,0.0,36.0
1402,2016-11-07,10155,2016-11-07,167.0,0.0,15.0
1403,2016-11-08,12026,2016-11-08,206.0,0.0,14.0
1404,2016-11-09,7399,2016-11-09,178.0,48.0,39.0
1405,2016-11-10,10251,2016-11-10,161.0,0.0,41.0
1406,2016-11-11,9848,2016-11-11,178.0,0.0,59.0
1407,2016-11-12,8327,2016-11-12,111.0,0.0,26.0
1408,2016-11-13,8155,2016-11-13,178.0,0.0,10.0
1409,2016-11-14,9210,2016-11-14,139.0,3.0,9.0
1410,2016-11-15,10395,2016-11-15,172.0,8.0,21.0
1411,2016-11-16,10046,2016-11-16,178.0,0.0,20.0
1412,2016-11-17,10495,2016-11-17,161.0,0.0,21.0
1413,2016-11-18,11253,2016-11-18,228.0,0.0,6.0
1414,2016-11-19,8247,2016-11-19,211.0,5.0,49.0
1415,2016-11-20,3826,2016-11-20,72.0,0.0,108.0
1416,2016-11-21,6826,2016-11-21,61.0,0.0,74.0
1417,2016-11-22,7626,2016-11-22,89.0,0.0,42.0
1418,2016-11-23,6903,2016-11-23,100.0,0.0,13.0
1419,2016-11-24,3328,2016-11-24,150.0,0.0,8.0
1420,2016-11-25,5831,2016-11-25,150.0,0.0,14.0
1421,2016-11-26,4991,2016-11-26,100.0,0.0,47.0
1422,2016-11-27,4867,2016-11-27,111.0,0.0,22.0
1423,2016-11-28,8027,2016-11-28,111.0,0.0,24.0
1424,2016-11-29,6331,2016-11-29,139.0,53.0,15.0
1425,2016-11-30,6170,2016-11-30,183.0,333.0,23.0
1426,2016-12-01,9131,2016-12-01,144.0,18.0,48.0
1427,2016-12-02,8411,2016-12-02,106.0,0.0,55.0
1428,2016-12-03,6209,2016-12-03,89.0,0.0,66.0
1429,2016-12-04,5264,2016-12-04,72.0,25.0,19.0
1430,2016-12-05,8210,2016-12-05,128.0,41.0,27.0
1431,2016-12-06,3893,2016-12-06,50.0,262.0,26.0
1432,2016-12-07,8655,2016-12-07,100.0,0.0,22.0
1433,2016-12-08,7993,2016-12-08,89.0,0.0,40.0
1434,2016-12-09,6419,2016-12-09,28.0,0.0,64.0
1435,2016-12-10,4202,2016-12-10,17.0,0.0,36.0
1436,2016-12-11,3815,2016-12-11,44.0,0.0,24.0
1437,2016-12-12,7037,2016-12-12,117.0,30.0,42.0
1438,2016-12-13,7743,2016-12-13,78.0,0.0,18.0
1439,2016-12-14,7610,2016-12-14,72.0,0.0,26.0
1440,2016-12-15,4556,2016-12-15,11.0,0.0,70.0
1441,2016-12-16,4517,2016-12-16,-27.0,0.0,31.0
1442,2016-12-17,2319,2016-12-17,111.0,41.0,34.0
1443,2016-12-18,3313,2016-12-18,172.0,10.0,72.0
1444,2016-12-19,6328,2016-12-19,17.0,0.0,35.0
1445,2016-12-20,6106,2016-12-20,28.0,0.0,11.0
1446,2016-12-21,6587,2016-12-21,89.0,0.0,10.0
1447,2016-12-22,6187,2016-12-22,139.0,0.0,47.0
1448,2016-12-23,4209,2016-12-23,78.0,0.0,24.0
1449,2016-12-24,1372,2016-12-24,83.0,122.0,23.0
1450,2016-12-25,2155,2016-12-25,106.0,0.0,19.0
1451,2016-12-26,2361,2016-12-26,89.0,0.0,30.0
1452,2016-12-27,5803,2016-12-27,194.0,0.0,47.0
1453,2016-12-28,6396,2016-12-28,100.0,0.0,30.0
1454,2016-12-29,4254,2016-12-29,106.0,51.0,37.0
1455,2016-12-30,4447,2016-12-30,50.0,0.0,52.0
1456,2016-12-31,3217,2016-12-31,83.0,0.0,60.0
1457,2017-01-01,4063,2017-01-01,122.0,0.0,18.0
1458,2017-01-02,1638,2017-01-02,72.0,69.0,26.0
1459,2017-01-03,3771,2017-01-03,67.0,234.0,21.0
1460,2017-01-04,7185,2017-01-04,133.0,5.0,49.0
1461,2017-01-05,6214,2017-01-05,11.0,0.0,17.0
1462,2017-01-06,5570,2017-01-06,-5.0,3.0,43.0
1463,2017-01-07,1809,2017-01-07,-43.0,10.0,58.0
1464,2017-01-08,1920,2017-01-08,-55.0,0.0,66.0
1465,2017-01-09,4617,2017-01-09,-27.0,0.0,25.0
1466,2017-01-10,5606,2017-01-10,44.0,0.0,47.0
1467,2017-01-11,7267,2017-01-11,139.0,23.0,41.0
1468,2017-01-12,9091,2017-01-12,211.0,5.0,76.0
1469,2017-01-13,8031,2017-01-13,172.0,0.0,47.0
1470,2017-01-14,1864,2017-01-14,44.0,58.0,18.0
1471,2017-01-15,5348,,,,
1472,2017-01-16,4485,2017-01-16,72.0,0.0,20.0
1473,2017-01-17,5574,2017-01-17,111.0,51.0,21.0
1474,2017-01-18,7345,2017-01-18,139.0,0.0,41.0
1475,2017-01-19,7376,2017-01-19,111.0,0.0,20.0
1476,2017-01-20,5566,2017-01-20,94.0,8.0,17.0
1477,2017-01-21,8157,2017-01-21,94.0,0.0,17.0
1478,2017-01-22,4066,2017-01-22,100.0,18.0,30.0
1479,2017-01-23,2905,2017-01-23,100.0,188.0,74.0
1480,2017-01-24,7389,2017-01-24,83.0,18.0,73.0
1481,2017-01-25,9023,2017-01-25,172.0,0.0,38.0
1482,2017-01-26,8048,2017-01-26,139.0,0.0,60.0
1483,2017-01-27,6887,2017-01-27,50.0,0.0,64.0
1484,2017-01-28,5555,2017-01-28,83.0,0.0,34.0
1485,2017-01-29,5250,2017-01-29,61.0,0.0,22.0
1486,2017-01-30,5420,2017-01-30,28.0,5.0,41.0
1487,2017-01-31,7764,2017-01-31,122.0,0.0,33.0
1488,2017-02-01,8231,2017-02-01,106.0,0.0,14.0
1489,2017-02-02,7649,2017-02-02,94.0,0.0,36.0
1490,2017-02-03,6543,2017-02-03,28.0,0.0,42.0
1491,2017-02-04,4807,2017-02-04,39.0,0.0,27.0
1492,2017-02-05,5489,2017-02-05,117.0,0.0,38.0
1493,2017-02-06,8399,2017-02-06,172.0,0.0,21.0
1494,2017-02-07,9796,2017-02-07,222.0,0.0,60.0
1495,2017-02-08,10619,2017-02-08,217.0,0.0,42.0
1496,2017-02-09,5369,2017-02-09,111.0,51.0,90.0
1497,2017-02-10,5974,2017-02-10,17.0,0.0,45.0
1498,2017-02-11,6821,2017-02-11,111.0,0.0,19.0
1499,2017-02-12,4723,2017-02-12,117.0,13.0,33.0
1500,2017-02-13,6364,2017-02-13,78.0,0.0,76.0
1501,2017-02-14,7409,2017-02-14,78.0,0.0,22.0
1502,2017-02-15,7485,2017-02-15,117.0,0.0,50.0
1503,2017-02-16,6427,2017-02-16,39.0,0.0,66.0
1504,2017-02-17,7282,2017-02-17,111.0,0.0,10.0
1505,2017-02-18,10726,2017-02-18,222.0,0.0,20.0
1506,2017-02-19,12350,2017-02-19,206.0,0.0,48.0
1507,2017-02-20,10058,2017-02-20,183.0,0.0,36.0
1508,2017-02-21,8815,2017-02-21,139.0,0.0,28.0
1509,2017-02-22,9659,2017-02-22,183.0,0.0,20.0
1510,2017-02-23,11744,2017-02-23,250.0,0.0,35.0
1511,2017-02-24,12959,2017-02-24,250.0,0.0,43.0
1512,2017-02-25,8174,2017-02-25,250.0,20.0,66.0
1513,2017-02-26,6339,2017-02-26,89.0,0.0,46.0
1514,2017-02-27,8264,2017-02-27,122.0,0.0,18.0
1515,2017-02-28,7828,2017-02-28,194.0,97.0,16.0
1516,2017-03-01,8977,2017-03-01,239.0,3.0,70.0
1517,2017-03-02,8134,2017-03-02,156.0,0.0,87.0
1518,2017-03-03,6741,2017-03-03,50.0,0.0,61.0
1519,2017-03-04,5283,2017-03-04,56.0,0.0,45.0
1520,2017-03-05,4999,2017-03-05,39.0,0.0,20.0
1521,2017-03-06,8583,2017-03-06,117.0,0.0,13.0
1522,2017-03-07,8383,2017-03-07,200.0,46.0,34.0
1523,2017-03-08,10971,2017-03-08,189.0,3.0,57.0
1524,2017-03-09,12406,2017-03-09,217.0,0.0,41.0
1525,2017-03-10,5998,2017-03-10,133.0,20.0,71.0
1526,2017-03-11,5116,2017-03-11,33.0,0.0,63.0
1527,2017-03-12,4621,2017-03-12,50.0,0.0,41.0
1528,2017-03-13,6470,2017-03-13,78.0,69.0,33.0
1529,2017-03-14,1583,2017-03-14,28.0,213.0,97.0
1530,2017-03-15,3359,2017-03-15,-5.0,0.0,98.0
1531,2017-03-16,5179,2017-03-16,39.0,0.0,55.0
1532,2017-03-17,7207,2017-03-17,100.0,8.0,22.0
1533,2017-03-18,8245,2017-03-18,139.0,86.0,25.0
1534,2017-03-19,5689,2017-03-19,106.0,23.0,51.0
1535,2017-03-20,9303,2017-03-20,122.0,0.0,22.0
1536,2017-03-21,10612,2017-03-21,167.0,3.0,31.0
1537,2017-03-22,8313,2017-03-22,150.0,0.0,72.0
1538,2017-03-23,8616,2017-03-23,89.0,0.0,20.0
1539,2017-03-24,9086,2017-03-24,167.0,36.0,48.0
1540,2017-03-25,16191,2017-03-25,256.0,0.0,30.0
1541,2017-03-26,6621,2017-03-26,167.0,5.0,38.0
1542,2017-03-27,11367,2017-03-27,239.0,10.0,20.0
1543,2017-03-28,10444,2017-03-28,217.0,130.0,24.0
1544,2017-03-29,12789,2017-03-29,183.0,0.0,43.0
1545,2017-03-30,10324,2017-03-30,117.0,0.0,39.0
1546,2017-03-31,3793,2017-03-31,89.0,394.0,36.0
1547,2017-04-01,10321,2017-04-01,144.0,5.0,60.0
1548,2017-04-02,13714,2017-04-02,178.0,0.0,25.0
1549,2017-04-03,10868,2017-04-03,194.0,10.0,46.0
1550,2017-04-04,12666,2017-04-04,261.0,0.0,57.0
1551,2017-04-05,13545,2017-04-05,228.0,0.0,37.0
1552,2017-04-06,6353,2017-04-06,167.0,399.0,46.0
1553,2017-04-07,7596,2017-04-07,89.0,0.0,85.0
1554,2017-04-08,12508,2017-04-08,172.0,0.0,38.0
1555,2017-04-09,15133,2017-04-09,222.0,0.0,24.0
1556,2017-04-10,13742,2017-04-10,272.0,0.0,41.0
1557,2017-04-11,15371,2017-04-11,300.0,0.0,31.0
1558,2017-04-12,14088,2017-04-12,250.0,3.0,34.0
1559,2017-04-13,15434,2017-04-13,206.0,0.0,25.0
1560,2017-04-14,16038,2017-04-14,222.0,0.0,20.0
1561,2017-04-15,16896,2017-04-15,256.0,0.0,28.0
1562,2017-04-16,13129,2017-04-16,300.0,0.0,41.0
1563,2017-04-17,10278,2017-04-17,217.0,25.0,26.0
1564,2017-04-18,13752,2017-04-18,228.0,0.0,30.0
1565,2017-04-19,11693,2017-04-19,167.0,8.0,38.0
1566,2017-04-20,12273,2017-04-20,278.0,84.0,30.0
1567,2017-04-21,13541,2017-04-21,289.0,0.0,20.0
1568,2017-04-22,4485,2017-04-22,183.0,127.0,37.0
1569,2017-04-23,10744,2017-04-23,156.0,0.0,25.0
1570,2017-04-24,5684,2017-04-24,139.0,69.0,38.0
1571,2017-04-25,7966,2017-04-25,150.0,43.0,45.0
1572,2017-04-26,11969,2017-04-26,228.0,0.0,29.0
1573,2017-04-27,13787,2017-04-27,278.0,0.0,33.0
1574,2017-04-28,14391,2017-04-28,289.0,0.0,25.0
1575,2017-04-29,14412,2017-04-29,317.0,0.0,28.0
1576,2017-04-30,13613,2017-04-30,300.0,0.0,30.0
1577,2017-05-01,10982,2017-05-01,272.0,61.0,65.0
1578,2017-05-02,13312,2017-05-02,244.0,0.0,42.0
1579,2017-05-03,12931,2017-05-03,172.0,0.0,48.0
1580,2017-05-04,11851,2017-05-04,183.0,53.0,41.0
1581,2017-05-05,7263,2017-05-05,239.0,277.0,54.0
1582,2017-05-06,5842,2017-05-06,172.0,33.0,39.0
1583,2017-05-07,9613,2017-05-07,167.0,0.0,47.0
1584,2017-05-08,11412,2017-05-08,178.0,0.0,35.0
1585,2017-05-09,12369,2017-05-09,189.0,0.0,15.0
1586,2017-05-10,13529,2017-05-10,239.0,0.0,16.0
1587,2017-05-11,3647,2017-05-11,150.0,439.0,27.0
1588,2017-05-12,7213,2017-05-12,133.0,97.0,26.0
1589,2017-05-13,8177,2017-05-13,156.0,104.0,35.0
1590,2017-05-14,12866,2017-05-14,267.0,0.0,44.0
1591,2017-05-15,12580,2017-05-15,239.0,0.0,51.0
1592,2017-05-16,13640,2017-05-16,272.0,0.0,14.0
1593,2017-05-17,12779,2017-05-17,333.0,0.0,30.0
1594,2017-05-18,12404,2017-05-18,322.0,155.0,38.0
1595,2017-05-19,13427,2017-05-19,322.0,13.0,25.0
1596,2017-05-20,13795,2017-05-20,217.0,0.0,35.0
1597,2017-05-21,11101,2017-05-21,194.0,0.0,30.0
1598,2017-05-22,9106,2017-05-22,228.0,130.0,13.0
1599,2017-05-23,10522,2017-05-23,183.0,30.0,25.0
1600,2017-05-24,11942,2017-05-24,183.0,86.0,35.0
1601,2017-05-25,6714,2017-05-25,228.0,201.0,29.0
1602,2017-05-26,13591,2017-05-26,244.0,0.0,42.0
1603,2017-05-27,11475,2017-05-27,222.0,3.0,12.0
1604,2017-05-28,10188,2017-05-28,233.0,43.0,18.0
1605,2017-05-29,12931,2017-05-29,278.0,0.0,26.0
1606,2017-05-30,10303,2017-05-30,228.0,279.0,35.0
1607,2017-05-31,12172,2017-05-31,283.0,152.0,16.0
1608,2017-06-01,13655,2017-06-01,278.0,0.0,30.0
1609,2017-06-02,14110,2017-06-02,267.0,0.0,27.0
1610,2017-06-03,13898,2017-06-03,289.0,0.0,30.0
1611,2017-06-04,12634,2017-06-04,300.0,0.0,29.0
1612,2017-06-05,10640,2017-06-05,228.0,46.0,19.0
1613,2017-06-06,14139,2017-06-06,250.0,0.0,44.0
1614,2017-06-07,12562,2017-06-07,206.0,0.0,25.0
1615,2017-06-08,13952,2017-06-08,239.0,0.0,24.0
1616,2017-06-09,14575,2017-06-09,267.0,0.0,26.0
1617,2017-06-10,14677,2017-06-10,306.0,0.0,20.0
1618,2017-06-11,11835,2017-06-11,328.0,0.0,24.0
1619,2017-06-12,12305,2017-06-12,328.0,0.0,20.0
1620,2017-06-13,12534,2017-06-13,350.0,0.0,17.0
1621,2017-06-14,13207,2017-06-14,322.0,0.0,32.0
1622,2017-06-15,13843,2017-06-15,294.0,0.0,29.0
1623,2017-06-16,12465,2017-06-16,267.0,15.0,19.0
1624,2017-06-17,13193,2017-06-17,300.0,0.0,27.0
1625,2017-06-18,11161,,,,
1626,2017-06-19,9423,2017-06-19,306.0,157.0,51.0
1627,2017-06-20,13977,2017-06-20,300.0,0.0,34.0
1628,2017-06-21,14010,2017-06-21,311.0,0.0,25.0
1629,2017-06-22,13499,2017-06-22,300.0,0.0,23.0
1630,2017-06-23,12518,2017-06-23,306.0,38.0,55.0
1631,2017-06-24,14321,2017-06-24,300.0,69.0,39.0
1632,2017-06-25,13621,2017-06-25,294.0,0.0,30.0
1633,2017-06-26,14392,2017-06-26,272.0,0.0,30.0
1634,2017-06-27,15015,2017-06-27,267.0,0.0,27.0
1635,2017-06-28,14893,2017-06-28,267.0,0.0,21.0
1636,2017-06-29,13945,2017-06-29,317.0,0.0,45.0
1637,2017-06-30,13752,,,,
1638,2017-07-01,11409,2017-07-01,328.0,53.0,39.0
1639,2017-07-02,13583,2017-07-02,322.0,0.0,22.0
1640,2017-07-03,15293,2017-07-03,322.0,0.0,19.0
1641,2017-07-04,15403,2017-07-04,322.0,0.0,20.0
1642,2017-07-05,10587,2017-07-05,289.0,295.0,27.0
1643,2017-07-06,7357,2017-07-06,267.0,427.0,24.0
1644,2017-07-07,13981,2017-07-07,311.0,25.0,27.0
1645,2017-07-08,15517,2017-07-08,306.0,0.0,30.0
1646,2017-07-09,15302,2017-07-09,283.0,0.0,21.0
1647,2017-07-10,12919,2017-07-10,317.0,0.0,22.0
1648,2017-07-11,13676,2017-07-11,317.0,3.0,22.0
1649,2017-07-12,13485,2017-07-12,339.0,0.0,22.0
1650,2017-07-13,12659,2017-07-13,344.0,0.0,26.0
1651,2017-07-14,10312,2017-07-14,344.0,185.0,19.0
1652,2017-07-15,14469,2017-07-15,306.0,0.0,37.0
1653,2017-07-16,13584,2017-07-16,306.0,0.0,16.0
1654,2017-07-17,12478,2017-07-17,317.0,0.0,27.0
1655,2017-07-18,12922,2017-07-18,333.0,422.0,18.0
1656,2017-07-19,13166,2017-07-19,339.0,0.0,13.0
1657,2017-07-20,12673,2017-07-20,339.0,0.0,20.0
1658,2017-07-21,12939,2017-07-21,339.0,0.0,20.0
1659,2017-07-22,10028,2017-07-22,322.0,183.0,20.0
1660,2017-07-23,11050,2017-07-23,306.0,213.0,24.0
1661,2017-07-24,12519,2017-07-24,322.0,0.0,26.0
1662,2017-07-25,14974,2017-07-25,261.0,0.0,41.0
1663,2017-07-26,15549,2017-07-26,289.0,0.0,18.0
1664,2017-07-27,14652,2017-07-27,306.0,18.0,20.0
1665,2017-07-28,5726,2017-07-28,256.0,371.0,30.0
1666,2017-07-29,9765,2017-07-29,250.0,41.0,51.0
1667,2017-07-30,15767,2017-07-30,278.0,0.0,30.0
1668,2017-07-31,13936,2017-07-31,311.0,0.0,13.0
1669,2017-08-01,12402,2017-08-01,317.0,0.0,17.0
1670,2017-08-02,14079,2017-08-02,317.0,0.0,16.0
1671,2017-08-03,12796,2017-08-03,311.0,23.0,20.0
1672,2017-08-04,14288,2017-08-04,311.0,0.0,30.0
1673,2017-08-05,16346,2017-08-05,261.0,0.0,46.0
1674,2017-08-06,14159,2017-08-06,267.0,0.0,10.0
1675,2017-08-07,5895,2017-08-07,233.0,196.0,24.0
1676,2017-08-08,14742,2017-08-08,267.0,0.0,31.0
1677,2017-08-09,14962,2017-08-09,289.0,0.0,17.0
1678,2017-08-10,14779,2017-08-10,283.0,0.0,16.0
1679,2017-08-11,12389,2017-08-11,283.0,277.0,27.0
1680,2017-08-12,11692,2017-08-12,289.0,23.0,9.0
1681,2017-08-13,14146,2017-08-13,283.0,0.0,22.0
1682,2017-08-14,13180,2017-08-14,250.0,0.0,9.0
1683,2017-08-15,9953,2017-08-15,267.0,97.0,16.0
1684,2017-08-16,13577,2017-08-16,317.0,0.0,15.0
1685,2017-08-17,13301,2017-08-17,317.0,0.0,24.0
1686,2017-08-18,11403,2017-08-18,339.0,175.0,34.0
1687,2017-08-19,13442,2017-08-19,311.0,3.0,23.0
1688,2017-08-20,12643,2017-08-20,300.0,0.0,22.0
1689,2017-08-21,12271,2017-08-21,317.0,0.0,23.0
1690,2017-08-22,12603,2017-08-22,328.0,0.0,36.0
1691,2017-08-23,14061,2017-08-23,283.0,0.0,33.0
1692,2017-08-24,14134,2017-08-24,272.0,0.0,24.0
1693,2017-08-25,14882,2017-08-25,256.0,0.0,27.0
1694,2017-08-26,14679,2017-08-26,261.0,0.0,16.0
1695,2017-08-27,13356,2017-08-27,250.0,0.0,23.0
1696,2017-08-28,13129,2017-08-28,244.0,0.0,30.0
1697,2017-08-29,4620,2017-08-29,194.0,180.0,36.0
1698,2017-08-30,14714,2017-08-30,256.0,0.0,22.0
1699,2017-08-31,13911,2017-08-31,289.0,0.0,21.0
1700,2017-09-01,13176,2017-09-01,206.0,0.0,31.0
1701,2017-09-02,4175,2017-09-02,161.0,168.0,26.0
1702,2017-09-03,15371,2017-09-03,256.0,0.0,24.0
1703,2017-09-04,13580,2017-09-04,278.0,0.0,34.0
1704,2017-09-05,11359,2017-09-05,300.0,81.0,34.0
1705,2017-09-06,5996,2017-09-06,200.0,165.0,20.0
1706,2017-09-07,14050,2017-09-07,222.0,0.0,27.0
1707,2017-09-08,14691,2017-09-08,244.0,0.0,24.0
1708,2017-09-09,14762,2017-09-09,217.0,0.0,32.0
1709,2017-09-10,13009,2017-09-10,222.0,0.0,25.0
1710,2017-09-11,13401,2017-09-11,222.0,0.0,19.0
1711,2017-09-12,14497,2017-09-12,250.0,0.0,17.0
1712,2017-09-13,11920,2017-09-13,256.0,23.0,18.0
1713,2017-09-14,13219,2017-09-14,267.0,8.0,19.0
1714,2017-09-15,14604,2017-09-15,278.0,0.0,21.0
1715,2017-09-16,15297,2017-09-16,289.0,0.0,11.0
1716,2017-09-17,13169,2017-09-17,283.0,0.0,15.0
1717,2017-09-18,13034,2017-09-18,267.0,0.0,26.0
1718,2017-09-19,14045,2017-09-19,278.0,0.0,38.0
1719,2017-09-20,13720,2017-09-20,306.0,0.0,23.0
1720,2017-09-21,13481,2017-09-21,294.0,0.0,15.0
1721,2017-09-22,14040,2017-09-22,283.0,0.0,20.0
1722,2017-09-23,13484,2017-09-23,300.0,0.0,18.0
1723,2017-09-24,11973,2017-09-24,317.0,0.0,18.0
1724,2017-09-25,12653,2017-09-25,317.0,0.0,18.0
1725,2017-09-26,13457,2017-09-26,294.0,0.0,24.0
1726,2017-09-27,13281,2017-09-27,317.0,0.0,35.0
1727,2017-09-28,14376,2017-09-28,261.0,0.0,58.0
1728,2017-09-29,14530,2017-09-29,228.0,0.0,20.0
1729,2017-09-30,13021,2017-09-30,194.0,0.0,60.0
1730,2017-10-01,12002,2017-10-01,206.0,0.0,16.0
1731,2017-10-02,12700,2017-10-02,233.0,0.0,6.0
1732,2017-10-03,13484,2017-10-03,233.0,0.0,13.0
1733,2017-10-04,13744,2017-10-04,261.0,0.0,21.0
1734,2017-10-05,13892,2017-10-05,294.0,0.0,17.0
1735,2017-10-06,14985,2017-10-06,294.0,0.0,12.0
1736,2017-10-07,15477,2017-10-07,294.0,0.0,40.0
1737,2017-10-08,10404,2017-10-08,283.0,23.0,38.0
1738,2017-10-09,9030,2017-10-09,306.0,132.0,47.0
1739,2017-10-10,13153,2017-10-10,306.0,0.0,12.0
1740,2017-10-11,10374,2017-10-11,239.0,201.0,30.0
1741,2017-10-12,11730,2017-10-12,189.0,0.0,42.0
1742,2017-10-13,12369,2017-10-13,178.0,0.0,26.0
1743,2017-10-14,13815,2017-10-14,228.0,0.0,18.0
1744,2017-10-15,12328,2017-10-15,261.0,0.0,43.0
1745,2017-10-16,11805,2017-10-16,211.0,20.0,58.0
1746,2017-10-17,12286,2017-10-17,172.0,0.0,17.0
1747,2017-10-18,13005,2017-10-18,211.0,0.0,13.0
1748,2017-10-19,13314,2017-10-19,228.0,0.0,14.0
1749,2017-10-20,14247,2017-10-20,244.0,0.0,16.0
1750,2017-10-21,14464,2017-10-21,250.0,0.0,6.0
1751,2017-10-22,13384,2017-10-22,239.0,0.0,18.0
1752,2017-10-23,12602,2017-10-23,239.0,8.0,43.0
1753,2017-10-24,13149,2017-10-24,217.0,127.0,41.0
1754,2017-10-25,12821,2017-10-25,178.0,0.0,37.0
1755,2017-10-26,11768,2017-10-26,150.0,0.0,42.0
1756,2017-10-27,13149,2017-10-27,194.0,0.0,20.0
1757,2017-10-28,13021,2017-10-28,217.0,0.0,45.0
1758,2017-10-29,4591,2017-10-29,189.0,262.0,51.0
1759,2017-10-30,10155,2017-10-30,150.0,28.0,66.0
1760,2017-10-31,11585,2017-10-31,156.0,0.0,20.0
1761,2017-11-01,10859,2017-11-01,133.0,0.0,17.0
1762,2017-11-02,12925,2017-11-02,244.0,0.0,22.0
1763,2017-11-03,13777,2017-11-03,250.0,0.0,30.0
1764,2017-11-04,9278,2017-11-04,139.0,152.0,24.0
1765,2017-11-05,5886,2017-11-05,156.0,25.0,25.0
1766,2017-11-06,11016,2017-11-06,222.0,0.0,43.0
1767,2017-11-07,5112,2017-11-07,106.0,234.0,50.0
1768,2017-11-08,9254,2017-11-08,89.0,0.0,41.0
1769,2017-11-09,9601,2017-11-09,100.0,10.0,17.0
1770,2017-11-10,6755,2017-11-10,78.0,0.0,57.0
1771,2017-11-11,5494,2017-11-11,28.0,0.0,17.0
1772,2017-11-12,5697,2017-11-12,83.0,8.0,10.0
1773,2017-11-13,9060,2017-11-13,100.0,43.0,22.0
1774,2017-11-14,9494,2017-11-14,94.0,0.0,28.0
1775,2017-11-15,9785,2017-11-15,122.0,0.0,18.0
1776,2017-11-16,10200,2017-11-16,167.0,0.0,51.0
1777,2017-11-17,9541,2017-11-17,117.0,0.0,32.0
1778,2017-11-18,7755,2017-11-18,167.0,3.0,56.0
1779,2017-11-19,5911,2017-11-19,156.0,23.0,79.0
1780,2017-11-20,8635,2017-11-20,106.0,0.0,45.0
1781,2017-11-21,9378,2017-11-21,156.0,0.0,45.0
1782,2017-11-22,7208,2017-11-22,133.0,0.0,55.0
1783,2017-11-23,3107,2017-11-23,67.0,0.0,19.0
1784,2017-11-24,5383,2017-11-24,128.0,0.0,17.0
1785,2017-11-25,7177,2017-11-25,167.0,0.0,19.0
1786,2017-11-26,5243,2017-11-26,117.0,0.0,33.0
1787,2017-11-27,9000,2017-11-27,156.0,0.0,20.0
1788,2017-11-28,9676,2017-11-28,172.0,0.0,22.0
1789,2017-11-29,10159,2017-11-29,200.0,0.0,24.0
1790,2017-11-30,10168,2017-11-30,139.0,8.0,16.0
1791,2017-12-01,9659,,,,
1792,2017-12-02,7560,2017-12-02,111.0,0.0,11.0
1793,2017-12-03,6709,2017-12-03,133.0,10.0,17.0
1794,2017-12-04,8885,,,,
1795,2017-12-05,8292,2017-12-05,161.0,23.0,34.0
1796,2017-12-06,8541,2017-12-06,122.0,0.0,41.0
1797,2017-12-07,8721,2017-12-07,94.0,0.0,20.0
1798,2017-12-08,7881,2017-12-08,39.0,0.0,13.0
1799,2017-12-09,2346,2017-12-09,17.0,61.0,17.0
1800,2017-12-10,4151,2017-12-10,44.0,0.0,27.0
1801,2017-12-11,7871,2017-12-11,89.0,0.0,25.0
1802,2017-12-12,7725,2017-12-12,78.0,0.0,67.0
1803,2017-12-13,5854,2017-12-13,11.0,0.0,60.0
1804,2017-12-14,7092,2017-12-14,44.0,0.0,52.0
1805,2017-12-15,4965,2017-12-15,-16.0,5.0,15.0
1806,2017-12-16,5184,2017-12-16,78.0,0.0,35.0
1807,2017-12-17,5141,2017-12-17,106.0,0.0,8.0
1808,2017-12-18,8978,2017-12-18,139.0,0.0,10.0
1809,2017-12-19,9920,2017-12-19,156.0,0.0,18.0
1810,2017-12-20,8336,2017-12-20,117.0,0.0,28.0
1811,2017-12-21,7004,2017-12-21,72.0,0.0,10.0
1812,2017-12-22,6159,2017-12-22,111.0,3.0,17.0
1813,2017-12-23,2464,2017-12-23,167.0,86.0,45.0
1814,2017-12-24,2041,2017-12-24,61.0,0.0,32.0
1815,2017-12-25,1041,2017-12-25,39.0,0.0,64.0
1816,2017-12-26,2789,2017-12-26,28.0,0.0,26.0
1817,2017-12-27,3321,2017-12-27,-5.0,0.0,48.0
1818,2017-12-28,2866,2017-12-28,-49.0,0.0,39.0
1819,2017-12-29,3088,2017-12-29,-5.0,0.0,18.0
1820,2017-12-30,1876,2017-12-30,0.0,8.0,30.0
1821,2017-12-31,1437,2017-12-31,-60.0,0.0,42.0
